frame,player_1_x,player_1_y,player_2_x,player_2_y,player_3_x,player_3_y,player_4_x,player_4_y,ball_x,ball_y,far_player_x,far_player_y,player_5_x,player_5_y
0,553.7323,882.51306,1063.821044921875,249.9964599609375,370.6322021484375,403.2603454589844,571.6593017578125,877.9248657226562,535.6237182617188,725.224609375,1065.371,250.71655,,
1,555.4477,883.4176,1063.882080078125,250.03428649902344,,,,,525.486572265625,712.644775390625,1065.3516,250.6737,,
2,555.44275,883.7531,1063.898681640625,250.02247619628906,,,,,,,1065.3479,250.68213,,
3,553.54834,884.08136,1064.017333984375,250.03216552734375,,,,,504.72625732421875,666.9111938476562,1065.3381,250.66739,,
4,551.87195,883.68494,1064.0435791015625,250.10545349121094,,,,,499.29876708984375,637.59375,1065.2927,250.68704,,
5,554.90686,884.12006,1064.283203125,250.06004333496094,,,,,,,1065.2052,250.64847,,
6,551.9402,883.15045,1064.24267578125,250.13987731933594,,,,,495.8188171386719,575.1383666992188,1065.1875,250.66699,,
7,551.98083,883.8212,1064.291259765625,250.16065979003906,,,,,495.97540283203125,546.956787109375,1065.2041,250.67792,,
8,552.08264,882.1807,1064.320068359375,250.1549835205078,,,,,495.86627197265625,518.3990478515625,1065.2002,250.6398,,
9,552.8928,883.7694,1063.936279296875,250.1971435546875,,,,,496.11749267578125,491.8133544921875,1065.1685,250.66226,,
10,554.01184,883.3836,1063.96728515625,250.2062530517578,,,,,497.1427001953125,466.87939453125,1065.1572,250.70505,,
11,554.9841,882.109,1064.314208984375,250.17466735839844,,,,,497.44769287109375,443.99554443359375,1065.062,250.7236,,
12,560.37714,883.20795,1064.68212890625,250.1560516357422,,,,,499.61761474609375,422.91925048828125,1065.1116,250.81625,,
13,563.9724,883.3372,1065.014892578125,249.97911071777344,,,,,500.7027587890625,402.15655517578125,1065.0591,250.7655,,
14,566.8225,884.7896,1065.0318603515625,249.9086151123047,,,,,502.28436279296875,383.61163330078125,1064.9355,250.66806,,
15,580.8004,883.43854,1065.177978515625,250.02090454101562,,,,,504.10382080078125,367.6334533691406,1064.7407,250.72519,,
16,578.5597,883.2129,1065.0152587890625,250.459716796875,,,,,506.02783203125,353.14849853515625,1064.6531,250.95197,,
17,583.5649,884.107,1065.4537353515625,250.1818389892578,,,,,508.57415771484375,340.22625732421875,1064.7035,250.8804,,
18,583.4751,884.2654,1065.513427734375,249.76463317871094,,,,,511.01263427734375,328.59814453125,1064.7151,250.92404,,
19,576.23474,884.2021,1065.291259765625,249.6269989013672,,,,,513.845458984375,321.47967529296875,1064.8269,251.16998,,
20,581.92847,882.6552,1065.798583984375,249.78382873535156,,,,,516.4888916015625,312.10162353515625,1065.6221,250.33301,,
21,582.7117,884.4432,1066.7762451171875,249.86773681640625,,,,,519.2726440429688,305.95025634765625,1066.8401,251.02551,,
22,582.9862,885.1427,1067.690673828125,249.1642303466797,,,,,521.9199829101562,302.9320373535156,1067.0928,252.16379,,
23,581.2865,883.0506,1067.4364013671875,250.18528747558594,1712.883544921875,286.079345703125,,,525.3580322265625,301.40557861328125,1067.9343,252.24954,,
24,580.47144,883.3914,1068.297607421875,249.88197326660156,,,,,528.4747924804688,302.10601806640625,1068.4363,253.34589,,
25,581.9392,882.0452,1068.5234375,250.6636505126953,1715.265625,282.92974853515625,,,531.8560180664062,303.828857421875,1068.8398,252.61041,,
26,588.876,880.772,1068.93115234375,250.5165252685547,1717.201416015625,286.6651611328125,,,535.739013671875,308.0673522949219,1068.9115,252.62357,,
27,593.76416,879.8555,1068.57275390625,250.42726135253906,1718.74560546875,281.525390625,,,538.5427856445312,314.55804443359375,1069.1025,253.03546,,
28,594.51465,876.8555,1067.49462890625,250.8039093017578,1718.9586181640625,286.1701354980469,,,542.76171875,323.75079345703125,1069.0105,253.07034,,
29,622.4066,871.9785,1067.6513671875,250.84185791015625,1720.620849609375,282.44219970703125,,,545.93359375,333.65576171875,1068.969,252.98492,,
30,623.2367,882.6729,1067.879150390625,250.8977508544922,,,,,550.2274780273438,345.8597412109375,1068.779,253.11041,,
31,588.79614,877.23785,1067.657470703125,250.68417358398438,,,,,554.153564453125,359.174560546875,1068.8225,253.03293,,
32,583.51184,863.2745,1067.6719970703125,250.22128295898438,,,,,559.3914184570312,376.0634765625,1069.1106,253.51913,,
33,582.5407,847.2944,1067.42333984375,249.56141662597656,,,,,562.623779296875,392.4043273925781,1069.0071,253.24323,,
34,583.51294,850.2708,1067.88525390625,249.9351348876953,,,,,567.347900390625,412.13885498046875,1068.6677,253.22452,,
35,582.19714,833.96783,1068.0068359375,249.61276245117188,,,,,571.9695434570312,431.691162109375,1068.4968,252.8638,,
36,575.37933,837.0562,1068.1043701171875,249.37203979492188,,,,,626.4251708984375,403.74468994140625,1068.4607,252.5427,,
37,565.6267,830.16284,1068.455810546875,250.1583709716797,,,,,679.2526245117188,374.68780517578125,1068.5667,252.44711,,
38,557.0304,821.8466,1067.594970703125,250.5784149169922,,,,,721.6209106445312,352.5858154296875,1068.9105,253.11722,,
39,547.66956,818.59973,1067.6170654296875,249.9459228515625,,,,,755.7951049804688,338.60711669921875,1068.7151,253.9036,,
40,539.49677,814.3034,1066.333251953125,250.32110595703125,,,,,785.195068359375,327.72796630859375,1068.3057,254.0825,,
41,547.70935,819.80664,1065.7003173828125,252.03086853027344,,,,,811.2825317382812,320.5672302246094,1068.375,255.33147,,
42,563.01544,834.6512,1066.098876953125,251.1968536376953,,,,,,,1068.154,255.15776,,
43,573.91284,838.5826,1065.80224609375,252.13966369628906,,,,,849.2303466796875,309.04608154296875,1067.6401,254.81163,,
44,581.3695,839.2187,1065.174560546875,252.6515350341797,,,,,866.2615356445312,307.3531799316406,1067.7458,255.27386,,
45,587.47375,839.42816,1065.0633544921875,252.83413696289062,,,,,,,1067.3352,255.18898,,
46,587.747,839.1595,1065.198486328125,252.13206481933594,,,,,,,1067.5457,255.14766,,
47,576.0634,841.8794,1065.273193359375,252.2694854736328,,,,,,,1067.6985,255.20302,,
48,578.54333,839.03986,1064.803466796875,252.322265625,,,,,,,1068.1732,255.06902,,
49,595.0228,839.57416,1064.954833984375,251.3164825439453,,,,,926.8082885742188,309.9981689453125,1067.7708,254.63075,,
50,598.6023,837.18536,1064.2481689453125,252.84425354003906,,,,,,,1067.6499,255.85179,,
51,608.14404,834.435,643.985107421875,834.3063354492188,1064.265625,252.34176635742188,,,,,1067.7808,255.57103,,
52,617.7062,831.4074,1064.821044921875,253.7255401611328,637.055419921875,831.4581909179688,,,,,1068.4573,255.3246,,
53,628.38995,831.71893,1063.514892578125,252.87918090820312,,,,,,,1067.7798,253.97235,,
54,637.78534,833.8068,1062.72314453125,251.92808532714844,,,,,,,1068.7908,254.39459,,
55,659.124,835.10345,1062.4990234375,251.67672729492188,,,,,963.9415893554688,259.7945556640625,1068.4426,253.7377,,
56,660.8513,835.9819,1061.349609375,251.7970733642578,,,,,969.9761962890625,249.65805053710938,1067.8926,254.3137,,
57,663.64404,838.5619,1058.9686279296875,251.94859313964844,,,,,,,1061.3298,253.92838,,
58,666.4488,838.5282,1059.4453125,251.44041442871094,,,,,978.0213623046875,234.1058349609375,1062.2837,254.21083,,
59,669.9945,842.6453,1055.917236328125,251.5543212890625,,,,,981.7799072265625,228.3800048828125,1062.572,254.6273,,
60,670.33154,844.61816,1059.9227294921875,251.44432067871094,,,,,986.0496826171875,222.91043090820312,1063.7883,254.2425,,
61,672.4519,845.43866,1056.906005859375,251.26524353027344,,,,,989.7685546875,218.42750549316406,1061.8474,254.16779,,
62,675.06854,845.38495,1053.2337646484375,251.65306091308594,1059.2926025390625,251.74673461914062,,,,,1061.0405,255.17226,,
63,681.0161,844.1413,1051.72705078125,251.8358917236328,,,,,,,1056.6067,254.88518,,
64,686.07526,838.30414,1052.5511474609375,252.14263916015625,1780.872314453125,297.35418701171875,,,,,1055.8994,253.94354,,
65,692.8038,838.0214,1051.17919921875,251.49037170410156,,,,,,,1053.5278,254.28961,,
66,697.6494,837.89124,1049.12841796875,250.98834228515625,,,,,,,1050.6316,254.89417,,
67,704.8993,845.4998,1046.697998046875,250.37319946289062,1783.6944580078125,297.8130187988281,,,,,1045.3181,253.78293,,
68,711.58466,854.035,1045.7861328125,252.62750244140625,1784.704833984375,296.2692565917969,,,,,1045.0596,253.6384,,
69,719.56055,861.9976,1044.6922607421875,252.93594360351562,1785.7056884765625,295.68426513671875,1785.2198486328125,294.9529724121094,,,1043.6436,254.91454,,
70,728.38074,875.95013,1043.6746826171875,252.46994018554688,,,,,,,1041.9597,254.07005,,
71,735.6865,881.52325,1041.55615234375,251.8872528076172,,,,,969.0012817382812,212.067138671875,1040.0142,253.72598,,
72,743.21484,892.5031,1039.6534423828125,251.40719604492188,,,,,961.3355712890625,213.9374542236328,1036.3198,255.6986,,
73,747.9755,898.92267,1037.86376953125,253.1854705810547,,,,,952.5706787109375,218.47579956054688,1034.4045,255.19336,,
74,748.9741,903.674,1035.7828369140625,254.7597198486328,,,,,944.5908203125,222.53924560546875,1033.7656,255.2248,,
75,752.2355,904.6524,1034.0281982421875,255.33851623535156,1792.34033203125,297.4464111328125,,,934.61181640625,229.18003845214844,1032.44,256.1042,,
76,749.2389,904.4799,1033.4722900390625,255.758056640625,1793.6898193359375,297.92767333984375,,,925.0860595703125,236.35272216796875,1031.345,248.80533,,
77,741.8573,909.3902,1031.15478515625,253.6326141357422,,,,,915.3499145507812,244.66236877441406,1030.7233,255.74312,,
78,732.47217,912.13873,1026.9478759765625,252.1017303466797,,,,,,,1029.7378,256.69342,,
79,728.49634,920.6292,1023.1239013671875,251.96873474121094,,,,,892.2205810546875,265.5060119628906,1026.8037,257.3438,,
80,725.7583,928.72595,1019.8313598632812,253.2073211669922,,,,,,,1022.57404,256.00177,,
81,721.1644,936.34827,1017.334716796875,252.40887451171875,,,,,866.9520874023438,293.36627197265625,1018.1052,256.1562,,
82,714.6105,936.33966,1013.79248046875,252.97311401367188,,,,,852.6292114257812,309.4554443359375,1013.20074,256.08325,,
83,697.558,934.38226,1011.2952270507812,252.4500732421875,,,,,838.8470458984375,331.29473876953125,1010.4422,254.05904,,
84,678.5162,934.6357,1013.9662475585938,254.4268341064453,,,,,822.4257202148438,351.68408203125,1009.623,254.21161,,
85,664.0458,936.2608,1006.0316162109375,253.8186798095703,,,,,806.0262451171875,375.4405517578125,1006.5321,255.45929,,
86,641.558,935.2868,1003.4185791015625,254.24395751953125,,,,,787.8025512695312,401.3621520996094,1004.0687,254.43681,,
87,633.64087,937.14996,1001.562744140625,250.80409240722656,,,,,769.4371337890625,431.96173095703125,1001.97766,252.23077,,
88,629.0688,946.41046,997.6631469726562,250.04408264160156,,,,,749.8148193359375,464.9737548828125,997.7915,253.12436,,
89,621.3556,952.35956,995.7400512695312,250.55699157714844,,,,,728.909423828125,501.44854736328125,993.38416,252.20944,,
90,621.4748,955.2087,994.7700805664062,250.78829956054688,,,,,706.6552734375,543.040283203125,989.73865,251.38928,,
91,609.8668,963.2493,992.41845703125,249.98391723632812,,,,,683.0671997070312,586.3666381835938,987.24524,251.10593,,
92,598.6632,967.54425,990.2854614257812,250.10752868652344,,,,,667.4277954101562,585.7131958007812,984.40076,249.16666,,
93,592.64026,968.101,987.9874267578125,250.46937561035156,,,,,650.9215087890625,585.278076171875,982.6238,250.47568,,
94,572.5989,967.14,985.8365478515625,251.43731689453125,,,,,633.6068115234375,586.4976806640625,982.058,250.71732,,
95,587.53143,967.2385,986.5433349609375,249.88243103027344,,,,,615.4052124023438,590.5281982421875,987.12305,252.75925,,
96,587.90857,966.4056,982.0595703125,251.10250854492188,,,,,596.3701171875,595.795166015625,983.7733,252.35538,,
97,585.94324,966.2936,979.7894897460938,250.1579132080078,,,,,576.7003173828125,602.6996459960938,979.1979,252.45941,,
98,588.0773,967.1254,977.430419921875,250.61241149902344,,,,,555.6558837890625,612.04345703125,978.5305,251.86325,,
99,596.1355,966.6783,976.3465576171875,249.33985900878906,,,,,533.8433837890625,623.9409790039062,978.03674,251.83228,,
100,595.3119,964.8519,975.6298828125,249.59774780273438,1808.57080078125,313.3731689453125,,,510.2138366699219,638.240478515625,976.80774,250.24582,,
101,975.1258,249.032,598.2224731445312,966.224853515625,,,,,486.0451354980469,655.0718383789062,976.68335,248.715,,
102,975.59125,247.7842,595.9541625976562,966.6533813476562,,,,,460.7731018066406,674.6696166992188,976.15625,248.50067,,
103,559.3515,964.0932,974.3228759765625,247.1572723388672,,,,,433.7876892089844,697.6131591796875,975.772,247.41776,,
104,561.35925,959.55524,974.2442626953125,246.3069305419922,,,,,407.23992919921875,724.3654174804688,975.0731,246.87802,,
105,576.1112,957.61884,972.826904296875,245.9781951904297,,,,,451.3475036621094,667.12158203125,974.48303,246.9848,,
106,571.6039,950.87115,972.885009765625,246.5708770751953,,,,,517.083984375,591.1128540039062,973.4835,246.56158,,
107,570.3651,945.8267,569.98681640625,945.2433471679688,972.9180908203125,246.61912536621094,,,574.4132690429688,525.7924194335938,972.81726,246.40689,,
108,569.44104,941.9568,971.8997192382812,244.62506103515625,,,,,625.696533203125,471.75140380859375,971.59204,246.52124,,
109,570.84644,940.1988,971.9379272460938,245.77455139160156,,,,,670.3968505859375,427.2351379394531,970.5853,246.05539,,
110,573.9872,944.5468,970.4033203125,246.63111877441406,,,,,709.3441162109375,389.93280029296875,970.0591,246.26706,,
111,570.08044,957.3426,970.0592651367188,246.82411193847656,,,,,743.7034912109375,359.727294921875,970.6113,245.94034,,
112,551.52686,971.36127,970.3782348632812,246.2755889892578,,,,,773.03125,333.5141296386719,969.9386,246.35733,,
113,541.7041,981.6332,970.5377807617188,245.7007598876953,,,,,800.083251953125,311.4967956542969,969.61035,246.06769,,
114,541.4909,988.7684,970.0767822265625,245.6682586669922,,,,,823.81591796875,294.9098205566406,969.7993,246.66531,,
115,540.61707,990.9844,971.4347534179688,245.3044891357422,,,,,844.2723388671875,280.65277099609375,971.19446,245.83496,,
116,546.03296,987.60846,972.5931396484375,244.63316345214844,,,,,863.6357421875,268.70538330078125,972.14905,245.97623,,
117,553.484,992.0275,975.2645874023438,245.8022918701172,,,,,880.8585815429688,259.21759033203125,972.9645,246.97284,,
118,563.52856,991.3742,976.70947265625,246.8835906982422,984.1126098632812,246.96144104003906,,,896.4344482421875,251.0217742919922,974.2107,245.97424,,
119,570.1553,989.46344,986.5523071289062,244.7429962158203,980.6987915039062,245.4397430419922,,,909.1093139648438,245.17874145507812,976.5768,244.64432,,
120,589.30176,990.1624,987.8895263671875,244.97206115722656,,,,,922.9474487304688,241.05836486816406,979.4901,245.73798,,
121,598.81696,978.4754,989.9561157226562,244.63929748535156,984.625244140625,245.54530334472656,,,,,987.5868,245.08301,,
122,605.7145,977.3615,991.3364868164062,242.94493103027344,,,,,945.1240234375,236.5224151611328,988.2589,244.67874,,
123,616.1365,971.6336,995.6204223632812,244.97836303710938,,,,,955.2026977539062,235.56884765625,993.2903,246.46307,,
124,633.3787,974.45874,997.4945068359375,243.71255493164062,,,,,964.1605224609375,235.7808074951172,996.82434,244.88812,,
125,637.69934,977.0834,999.033935546875,249.2660675048828,,,,,971.7020874023438,235.97073364257812,999.23804,246.18356,,
126,643.85834,975.3272,1000.9637451171875,248.2566375732422,,,,,979.0755004882812,237.71258544921875,1001.76404,246.7677,,
127,653.0259,975.3415,1004.24853515625,247.9525909423828,,,,,,,1003.7229,247.0299,,
128,661.8688,974.6391,1006.9339599609375,247.17042541503906,,,,,,,1008.0657,248.11389,,
129,670.1346,972.35614,1012.1441040039062,249.8923797607422,,,,,,,1010.5632,247.61526,,
130,679.322,966.9271,1012.8099975585938,250.75474548339844,,,,,,,1014.393,249.0104,,
131,691.12103,966.4361,1016.2035522460938,250.64857482910156,1808.7755126953125,321.1344299316406,,,,,1016.09,247.39401,,
132,703.0231,967.58386,1017.3468017578125,250.27500915527344,1808.2734375,323.3497619628906,,,,,1017.90204,247.32828,,
133,716.9183,958.44696,1019.557373046875,250.21609497070312,1020.1693725585938,252.1251983642578,1808.2474365234375,323.7261047363281,,,1018.9275,247.20331,,
134,736.05975,957.1061,1021.4390869140625,249.3123779296875,1808.4873046875,322.4676818847656,,,,,1020.0236,248.19125,,
135,745.86755,953.2287,1022.2931518554688,249.5243682861328,,,,,,,1021.1586,246.58005,,
136,764.86725,951.3987,1022.0987548828125,249.0498046875,,,,,,,1022.5889,246.94397,,
137,776.5343,950.99945,1023.3325805664062,249.53843688964844,1808.11083984375,323.1792297363281,,,,,1023.85736,248.22537,,
138,781.0979,946.5328,1023.8087768554688,249.6854705810547,1807.501708984375,323.621826171875,,,,,1025.9221,249.09702,,
139,784.46893,949.5978,1026.939453125,250.2726287841797,1807.275146484375,322.7395324707031,,,,,1027.8481,250.08679,,
140,785.432,958.6684,1026.532470703125,250.13616943359375,1031.302734375,248.87791442871094,,,,,1028.5398,249.28214,,
141,789.7942,966.3505,,,,,,,,,1028.5579,248.94913,,
142,791.78766,971.2297,1032.740234375,247.47171020507812,,,,,,,1029.206,249.11646,,
143,791.5655,972.0208,1031.985107421875,249.1065673828125,,,,,,,1030.0765,249.90536,,
144,792.41,970.02985,,,,,,,,,1030.1602,250.37817,,
145,791.4501,969.7209,1033.3311767578125,248.75543212890625,,,,,,,1030.0361,250.59012,,
146,790.6528,968.17523,1034.1138916015625,248.6363525390625,,,,,,,1031.8513,250.36752,,
147,789.50757,967.9627,1033.92236328125,248.2121124267578,,,,,,,1030.0505,250.40244,,
148,788.61676,969.66534,1033.8009033203125,248.51046752929688,,,,,,,1030.6765,250.60654,,
149,787.1269,973.5252,1034.29150390625,248.7786407470703,,,,,,,1032.0005,250.54373,,
150,785.20917,976.731,1804.083740234375,324.3365783691406,1034.2398681640625,247.95089721679688,,,,,1035.5586,250.62762,,
151,784.79285,982.3505,1803.5625,324.1902160644531,1035.090087890625,248.38687133789062,,,,,1033.8772,250.5256,,
152,784.29474,991.20416,1803.65185546875,324.1388244628906,1035.4156494140625,249.41317749023438,,,,,1033.5366,250.50711,,
153,780.1311,996.649,1034.7568359375,248.61305236816406,1803.5057373046875,323.74151611328125,,,,,1035.7424,250.74564,,
154,781.24414,1002.36017,1035.349609375,249.98374938964844,1803.520751953125,323.3214416503906,,,,,1035.6227,249.42166,,
155,780.4928,1003.0445,1036.352783203125,250.27294921875,1803.342041015625,323.40576171875,,,,,1037.0979,249.6885,,
156,778.7594,1003.1263,1036.69970703125,250.4770965576172,1803.403564453125,324.2424011230469,,,,,1039.1602,252.17776,,
157,776.2051,1002.4521,1039.915771484375,251.824951171875,1803.5684814453125,323.0708923339844,,,995.5313720703125,222.90847778320312,1039.6312,252.79437,,
158,769.375,1000.5075,1041.3770751953125,251.76869201660156,1803.4901123046875,322.8658752441406,,,987.935546875,231.56719970703125,1040.8701,252.84952,,
159,762.2321,1004.01855,1041.7578125,251.54039001464844,1803.110595703125,323.0074157714844,,,979.9830932617188,241.32215881347656,1041.7964,252.63074,,
160,755.13116,1011.13354,1040.57275390625,251.3522186279297,1803.1593017578125,322.682373046875,,,971.76708984375,251.93389892578125,1041.8257,252.61597,,
161,757.97473,1019.33954,1041.2021484375,250.2991180419922,1802.6923828125,323.5611267089844,,,963.415283203125,265.4656982421875,1041.4885,252.66708,,
162,758.86365,1027.2288,1039.48095703125,251.4345703125,1802.5899658203125,323.8432922363281,,,954.07177734375,279.669921875,1040.7578,252.4274,,
163,759.5486,1030.7153,1040.03515625,252.04605102539062,1802.4931640625,323.1863708496094,,,945.372314453125,295.27679443359375,1039.8757,252.27808,,
164,759.965,1031.7688,1802.211181640625,325.0528869628906,1037.17578125,250.08644104003906,,,933.5528564453125,315.992919921875,1037.688,252.43784,,
165,758.5139,1031.1897,1801.6109619140625,324.6189880371094,1036.4871826171875,249.98997497558594,,,923.2183837890625,337.3197021484375,1036.6667,252.44095,,
166,755.3343,1030.7434,1801.5477294921875,324.3255310058594,,,,,913.031982421875,362.60565185546875,1035.1602,252.18045,,
167,736.4171,1028.7566,1801.989990234375,324.1980285644531,1025.57275390625,249.4976348876953,,,900.1923828125,388.4591064453125,1031.2529,251.0712,,
168,750.6373,1030.1877,1024.832275390625,250.10714721679688,1801.50732421875,323.9851379394531,,,887.7775268554688,418.2264404296875,1026.6438,250.63864,,
169,744.979,1034.6349,1021.3832397460938,249.9254608154297,,,,,874.8509521484375,451.72906494140625,1022.7246,251.04288,,
170,741.1824,1035.6667,1019.441162109375,250.37704467773438,,,,,860.1683349609375,489.260498046875,1019.63885,249.97318,,
171,739.8966,1036.2668,1017.407470703125,250.7328643798828,,,,,,,1017.1224,249.87585,,
172,735.3535,1038.3645,1013.0752563476562,250.3183135986328,,,,,830.0684814453125,578.3258056640625,1014.5889,251.07208,,
173,740.87933,1036.6602,1011.5420532226562,249.53651428222656,,,,,814.0747680664062,626.990234375,1010.6377,248.97476,,
174,735.2936,1036.4432,1007.533447265625,246.34963989257812,,,,,802.2052612304688,626.9249267578125,1007.8485,249.27863,,
175,741.734,1037.0533,1004.506103515625,245.6120147705078,,,,,789.9942626953125,627.721435546875,1006.30237,249.57516,,
176,741.5746,1037.4387,1001.9276733398438,247.11241149902344,,,,,776.7601318359375,630.964111328125,1003.36523,248.78891,,
177,733.4024,1037.0912,999.6289672851562,247.3282012939453,,,,,762.421142578125,635.6506958007812,999.05286,248.23148,,
178,782.54016,1036.8798,997.122802734375,247.2910919189453,,,,,748.2740478515625,642.86962890625,994.4503,247.96689,,
179,755.94196,1038.3245,994.7631225585938,247.82400512695312,,,,,732.6068115234375,651.9111328125,991.1633,248.5686,,
180,767.3698,1037.5662,991.736572265625,250.12062072753906,,,,,716.018310546875,663.7276000976562,989.3192,249.24124,,
181,788.58997,973.6857,990.192626953125,251.01809692382812,,,,,698.390869140625,678.5535278320312,988.2921,249.41196,,
182,792.355,1033.1099,987.3110961914062,251.0917510986328,,,,,680.3578491210938,696.4837036132812,986.4015,248.58505,,
183,788.29504,1032.8352,985.1282958984375,251.0222625732422,,,,,661.07763671875,717.4642944335938,984.5255,248.25024,,
184,787.51996,1030.5417,981.8302001953125,249.4199981689453,,,,,640.4261474609375,742.14306640625,983.4701,248.51538,,
185,766.0493,1025.725,979.4262084960938,247.45559692382812,,,,,618.9561767578125,771.0425415039062,981.8336,248.76944,,
186,790.90466,1029.0059,977.3642578125,243.16282653808594,,,,,611.0753173828125,764.6536254882812,978.8169,245.7836,,
187,803.1092,1026.3601,976.040771484375,244.18991088867188,,,,,639.36376953125,667.3314208984375,977.1395,246.10782,,
188,811.46576,1028.287,974.4699096679688,244.30471801757812,,,,,663.523193359375,591.9803466796875,975.9972,245.85287,,
189,816.90393,1029.1462,972.8106079101562,244.38685607910156,,,,,682.8292236328125,531.0281982421875,973.7019,245.49225,,
190,826.27124,1031.3516,972.725830078125,243.34547424316406,,,,,698.5922241210938,484.3760070800781,972.3307,245.2049,,
191,829.45764,1032.5164,970.027587890625,243.14369201660156,,,,,712.31591796875,445.5192565917969,971.13855,244.94809,,
192,831.31494,1034.123,968.8317260742188,244.15252685546875,,,,,723.5609130859375,415.193603515625,968.6881,245.45178,,
193,834.5394,1031.0826,967.654541015625,243.40576171875,,,,,732.69970703125,390.01708984375,966.05054,245.12283,,
194,830.7821,1025.7192,964.2015380859375,244.102294921875,,,,,740.21337890625,369.80743408203125,964.52185,244.24179,,
195,836.0274,1022.64813,961.93212890625,246.2862091064453,,,,,747.6475830078125,354.25421142578125,962.1842,244.00497,,
196,841.437,1018.4202,962.1455078125,245.39048767089844,,,,,752.8025512695312,340.70458984375,960.41833,244.2031,,
197,848.9079,1015.9043,961.785888671875,244.85838317871094,1793.871826171875,331.78045654296875,,,758.0849609375,330.61175537109375,960.0427,244.13101,,
198,860.50757,1014.37726,961.498291015625,245.39666748046875,956.4979858398438,241.77401733398438,,,,,959.70325,244.06049,,
199,865.554,1013.9892,955.750732421875,245.5103759765625,,,,,765.329833984375,316.50762939453125,960.3804,243.93512,,
200,872.80176,1014.7262,951.3095703125,245.24244689941406,,,,,769.0150146484375,310.51861572265625,958.6714,244.40375,,
201,871.5255,1013.6556,950.401611328125,242.7816925048828,,,,,772.2876586914062,303.1681823730469,955.50854,243.23813,,
202,870.33716,1014.55865,945.005615234375,240.97164916992188,,,,,,,948.57434,242.93405,,
203,874.1933,1015.0093,941.6471557617188,239.47109985351562,,,,,,,933.10803,241.32877,,
204,882.07764,1009.1662,1792.4422607421875,323.4208068847656,,,,,,,934.7096,243.56006,,
205,874.4231,1003.2128,1791.9451904296875,322.629638671875,,,,,,,927.376,238.98273,,
206,873.13824,998.6642,1791.5618896484375,323.85491943359375,925.1229858398438,240.0888214111328,,,787.91357421875,281.49273681640625,922.9603,244.82364,,
207,890.649,992.7376,921.6915893554688,243.20315551757812,1790.970703125,324.97393798828125,,,,,922.0154,245.17175,,
208,884.3662,983.95056,1790.6478271484375,324.52679443359375,921.7928466796875,244.3080596923828,,,,,918.1515,243.59982,,
209,879.75,978.73193,1790.5166015625,325.539306640625,919.1319580078125,244.6331329345703,,,,,914.5729,244.42996,,
210,882.96094,966.17194,1790.2144775390625,325.3624572753906,,,,,796.91455078125,282.04052734375,910.1915,244.60526,,
211,883.7913,949.9274,1790.2127685546875,325.8244934082031,,,,,798.810791015625,283.4673767089844,906.9133,245.29327,,
212,883.63196,942.514,1790.572021484375,327.7294921875,898.0449829101562,240.6126251220703,,,800.7197265625,285.741943359375,902.15247,244.39209,,
213,885.97174,931.19183,1790.9886474609375,332.4059143066406,892.9041748046875,245.75830078125,,,,,897.1605,245.18848,,
214,895.03345,925.12286,890.0597534179688,245.46725463867188,1791.380126953125,326.41607666015625,,,803.5631103515625,283.9649658203125,888.0869,245.15692,,
215,902.7757,919.18964,887.501220703125,243.85313415527344,,,,,805.0781860351562,275.1181640625,890.67334,244.69543,,
216,903.77356,910.4217,885.40625,244.28746032714844,,,,,806.2002563476562,266.0543518066406,882.1848,245.68918,,
217,904.35114,906.97174,880.2431030273438,244.3220672607422,1791.924560546875,330.1587219238281,,,808.3438720703125,258.96820068359375,878.84827,245.35825,,
218,905.1112,904.9252,877.4547729492188,246.58946228027344,1791.3458251953125,330.1878356933594,,,809.945068359375,250.80642700195312,873.7423,245.90576,,
219,906.21155,904.0741,874.1162109375,244.8593292236328,1790.8765869140625,330.0597229003906,,,810.20263671875,245.48941040039062,869.3722,245.71683,,
220,909.25757,904.72394,870.9054565429688,246.135498046875,1790.66748046875,329.8257141113281,,,,,868.7571,246.00897,,
221,916.9601,910.6372,1790.8704833984375,328.04803466796875,869.4354248046875,247.2597198486328,,,812.3616943359375,236.0855712890625,866.35156,245.50516,,
222,932.3824,916.49164,864.952880859375,248.67626953125,1790.46875,327.7975769042969,,,,,860.1874,246.70627,,
223,948.7943,912.6506,863.1866455078125,248.61346435546875,1790.129150390625,330.8369140625,,,814.531982421875,230.10525512695312,858.33606,248.51462,,
224,953.2392,918.1388,862.07568359375,247.94578552246094,1789.843505859375,329.4154968261719,,,815.2203369140625,227.68148803710938,857.71826,249.46426,,
225,962.4593,920.80365,859.5615234375,248.89617919921875,1789.4051513671875,329.0755920410156,,,816.66796875,226.59512329101562,857.8927,250.35507,,
226,972.8565,927.995,858.4257202148438,249.30020141601562,1789.08984375,330.8042907714844,,,817.137939453125,226.1454620361328,858.1907,248.9404,,
227,982.82587,921.97894,857.8076171875,249.17446899414062,1788.65625,330.51947021484375,,,817.9623413085938,226.14718627929688,856.86865,248.87088,,
228,992.8503,921.9113,856.8169555664062,249.05992126464844,1788.0245361328125,332.8857421875,,,818.6292724609375,225.98374938964844,855.3491,248.9773,,
229,1001.858,925.7558,855.58203125,248.8302459716797,,,,,,,855.46277,249.25742,,
230,1010.60596,925.2457,853.9078369140625,250.0433807373047,,,,,,,854.6299,249.47766,,
231,1017.2734,925.3831,853.0109252929688,250.8478240966797,,,,,,,849.428,249.34665,,
232,1024.3479,927.97723,851.9326171875,249.9474639892578,,,,,826.2733154296875,219.47442626953125,851.94006,249.27493,,
233,1031.3315,930.1073,849.8080444335938,250.71421813964844,,,,,828.9736328125,216.8355255126953,849.567,249.23615,,
234,1038.8604,939.3584,849.6165161132812,249.5895538330078,,,,,831.71240234375,214.41259765625,848.94104,249.21918,,
235,1046.2632,943.2695,848.2813110351562,248.86244201660156,,,,,835.8572998046875,212.86032104492188,846.9663,249.18817,,
236,1053.7229,948.899,847.3399658203125,250.04010009765625,1786.6142578125,328.2474670410156,,,,,845.0602,250.61694,,
237,1058.1353,952.1961,846.484130859375,250.6067657470703,,,,,,,843.6073,249.69574,,
238,1058.2428,952.7104,845.3450317382812,249.67213439941406,,,,,,,842.02747,249.11957,,
239,1061.0444,951.15344,841.1522216796875,250.11428833007812,,,,,,,840.8623,252.20593,,
240,1062.9993,949.9025,843.5614013671875,252.13137817382812,,,,,,,839.7018,251.56522,,
241,1070.9563,949.3248,840.1693725585938,249.2090606689453,,,,,,,840.18567,251.3461,,
242,1078.8365,951.85956,840.0418090820312,247.2325897216797,,,,,,,840.037,250.14386,,
243,1088.3479,962.4015,839.6400146484375,245.78439331054688,,,,,876.89990234375,228.22824096679688,841.2936,249.28287,,
244,1094.0233,972.3873,840.0829467773438,245.06240844726562,,,,,883.9503173828125,235.7646942138672,841.2643,249.38464,,
245,1088.0431,979.071,840.235595703125,246.34039306640625,,,,,892.2359619140625,242.4852294921875,840.8773,248.66003,,
246,1089.8279,991.49835,844.4240112304688,247.1682586669922,,,,,899.6381225585938,251.58697509765625,841.6581,247.89279,,
247,1098.1633,995.89087,845.9522094726562,245.82888793945312,,,,,908.5454711914062,262.99365234375,842.4868,248.21164,,
248,1108.5996,996.24396,847.3079223632812,244.55857849121094,,,,,917.6702880859375,275.08941650390625,843.4021,247.556,,
249,1097.8121,998.3055,848.586181640625,245.86180114746094,,,,,927.9261474609375,289.6968994140625,843.7361,248.66891,,
250,1107.5461,997.832,848.7123413085938,248.56924438476562,,,,,938.206298828125,306.61767578125,845.515,248.39798,,
251,1119.6199,1000.87445,850.0382690429688,248.69073486328125,,,,,949.2603149414062,324.16265869140625,847.8916,248.68137,,
252,1124.0068,1004.00195,851.4765014648438,250.2560577392578,,,,,962.02099609375,345.73553466796875,851.7003,247.75381,,
253,1128.6396,1017.6264,853.3430786132812,247.9442596435547,,,,,975.1036376953125,368.87542724609375,854.9343,248.64603,,
254,1145.2922,1023.48395,856.0252685546875,248.96934509277344,,,,,988.3226318359375,395.3521728515625,855.59814,248.99863,,
255,1149.4257,1025.6917,858.09912109375,249.02439880371094,,,,,1003.7163696289062,424.4088439941406,856.9923,248.14719,,
256,1165.5271,1027.6809,860.0643920898438,249.0040740966797,,,,,1020.0850830078125,458.1461181640625,859.2688,246.81964,,
257,1165.7623,1027.7983,862.0394287109375,248.1921844482422,,,,,1038.420166015625,495.6144714355469,861.9055,248.53876,,
258,1163.2556,1025.9084,863.8369140625,248.4160919189453,,,,,1056.91259765625,536.2326049804688,864.761,247.63681,,
259,1166.8213,1026.1825,866.1497802734375,251.02212524414062,,,,,1076.75830078125,582.1199951171875,866.6477,246.02164,,
260,1187.4432,1028.08,867.8641357421875,250.0803680419922,,,,,1098.0556640625,631.6652221679688,867.78296,246.20938,,
261,1193.0051,1030.1309,871.2410888671875,249.07960510253906,,,,,1118.7099609375,673.3145751953125,870.4496,247.18738,,
262,1184.3257,1028.9535,873.3809814453125,249.6551971435547,,,,,1134.2333984375,671.17236328125,872.98035,247.14563,,
263,1173.3616,1029.4114,875.52197265625,249.83477783203125,,,,,1150.4119873046875,671.123291015625,875.35364,247.13098,,
264,1173.0939,1030.7593,878.9083251953125,246.5104217529297,,,,,1168.237548828125,672.3798828125,877.09875,247.74637,,
265,1176.2773,1028.6655,879.1094970703125,245.0389862060547,,,,,1186.790283203125,675.5536499023438,878.53955,246.30093,,
266,1178.5812,1027.8386,880.6768798828125,244.919677734375,,,,,1206.50244140625,680.86669921875,879.5211,246.12137,,
267,1179.1008,1027.2573,884.6109008789062,243.20594787597656,,,,,1227.2125244140625,688.533203125,881.39966,246.07547,,
268,1181.0942,1027.872,884.8346557617188,244.10691833496094,,,,,1248.9566650390625,697.5791625976562,883.0698,246.30661,,
269,1188.6167,1029.114,887.3739013671875,243.01768493652344,,,,,1272.7479248046875,711.374755859375,885.593,246.79346,,
270,1207.4451,1026.4836,888.1131591796875,242.1398468017578,,,,,1297.0020751953125,726.130615234375,888.4459,245.41586,,
271,1197.1611,1021.9358,889.8161010742188,239.1844940185547,,,,,1317.220703125,737.9288330078125,891.1632,244.98529,,
272,1194.735,1007.0323,890.79541015625,241.7373046875,,,,,1255.3653564453125,649.2290649414062,892.40857,242.41605,,
273,1185.826,986.75336,895.6248779296875,242.2440643310547,,,,,1201.4671630859375,577.1370239257812,894.1256,243.39978,,
274,1188.0297,989.97327,896.903564453125,243.47254943847656,,,,,1155.80322265625,518.5096435546875,896.0305,245.72403,,
275,1188.0879,986.7276,899.77197265625,246.67510986328125,,,,,1117.367431640625,469.66046142578125,898.562,246.52191,,
276,1186.2485,986.4288,900.01904296875,243.12918090820312,,,,,1084.950439453125,429.94915771484375,900.65186,244.64117,,
277,1183.4082,988.81604,904.845458984375,247.31365966796875,,,,,1057.288818359375,397.77001953125,904.4984,245.08533,,
278,1186.431,981.33966,903.220458984375,243.380126953125,,,,,1033.33056640625,371.9674377441406,905.4702,244.30862,,
279,1195.5066,976.8391,904.4493408203125,243.8022003173828,,,,,1011.8087768554688,348.98065185546875,906.2346,243.46616,,
280,1200.9609,973.69543,903.0433959960938,244.08668518066406,,,,,994.1546630859375,331.7210998535156,906.0582,243.90805,,
281,1198.404,965.54193,902.09912109375,243.9910125732422,,,,,978.8604736328125,317.14178466796875,906.63135,243.4649,,
282,1192.4666,959.4765,901.1852416992188,245.4451446533203,,,,,963.9320068359375,304.1495056152344,906.6813,242.8649,,
283,1191.7273,959.89734,901.3663940429688,242.9630126953125,,,,,951.0789794921875,292.5788879394531,906.0261,241.9838,,
284,1186.4655,960.4511,899.9549560546875,242.37515258789062,,,,,939.6607666015625,284.82501220703125,903.4419,242.6846,,
285,1184.3967,960.44244,894.6829833984375,238.66383361816406,,,,,,,894.78625,241.53091,,
286,1182.8336,959.9293,894.09033203125,239.31797790527344,,,,,920.83203125,273.0337219238281,891.34375,241.69983,,
287,1179.2285,959.9107,892.817138671875,242.76710510253906,,,,,912.37451171875,269.04693603515625,895.01794,242.97562,,
288,1176.0763,958.91766,892.3206787109375,247.45945739746094,,,,,906.336181640625,266.998046875,888.7396,243.34613,,
289,1168.6473,961.42334,890.7213134765625,242.45545959472656,,,,,899.1668701171875,265.019287109375,884.9354,245.23111,,
290,1157.492,966.0301,888.494384765625,243.73191833496094,,,,,892.7335205078125,264.95550537109375,883.7467,244.37415,,
291,1141.8872,968.05475,887.955322265625,244.2490997314453,,,,,886.8595581054688,264.5795593261719,882.68933,244.39566,,
292,1127.525,968.7526,886.0728759765625,244.44151306152344,1769.28515625,346.5209655761719,,,882.2075805664062,264.49993896484375,886.57263,244.0304,,
293,1121.5283,972.11566,883.3408813476562,243.27293395996094,,,,,876.6173095703125,265.6730651855469,887.86255,243.75589,,
294,1113.5032,974.7136,883.5401000976562,242.65480041503906,,,,,872.3768310546875,266.37109375,886.9518,244.01031,,
295,1102.2388,976.8431,884.1719970703125,242.10911560058594,1768.198974609375,346.54901123046875,,,868.1690673828125,268.95654296875,884.2106,244.09198,,
296,1086.355,987.2372,883.0369262695312,245.1980438232422,,,,,863.81103515625,272.1795654296875,880.18274,244.14478,,
297,1071.9998,985.7823,882.489501953125,247.0561981201172,1768.11767578125,346.576904296875,,,860.7740478515625,274.96197509765625,880.6073,244.53064,,
298,1054.5212,986.5483,881.7496337890625,246.7357177734375,1767.893310546875,347.1527099609375,,,857.5826416015625,277.39044189453125,878.5342,244.51413,,
299,1040.7056,987.4222,881.3001708984375,247.7254180908203,1767.07763671875,347.3469543457031,,,854.0716552734375,282.23382568359375,877.5145,245.80698,,
300,1029.8224,987.7432,879.493408203125,247.8820037841797,1766.4541015625,348.3166809082031,,,,,875.9624,246.49753,,
301,1019.5572,988.7027,879.6414184570312,248.66876220703125,,,,,849.8283081054688,264.6578674316406,875.4595,246.6842,,
302,1012.7135,993.66486,879.3468627929688,246.495849609375,,,,,,,873.23804,247.27661,,
303,1003.55493,999.1906,879.05859375,247.62167358398438,1764.60205078125,348.021240234375,1764.07275390625,349.0291442871094,845.5885009765625,249.67025756835938,872.0731,248.30594,,
304,998.99896,1003.59045,877.762939453125,246.70156860351562,,,,,843.5988159179688,242.45892333984375,874.8799,248.91586,,
305,996.9819,1011.95184,876.9230346679688,248.4044647216797,,,,,842.4474487304688,236.85345458984375,868.57166,248.17813,,
306,995.5165,1024.9457,876.6691284179688,248.75930786132812,,,,,840.4223022460938,232.01150512695312,869.4286,248.65082,,
307,995.84265,1027.4117,877.229736328125,248.82550048828125,,,,,838.4469604492188,227.76025390625,869.3081,248.4484,,
308,995.7623,1026.4021,876.7218017578125,248.96595764160156,,,,,,,870.54297,248.6076,,
309,995.2599,1025.4314,878.244140625,249.27978515625,,,,,835.727783203125,220.4862060546875,873.32043,248.46585,,
310,994.59924,1025.3456,877.664794921875,249.51077270507812,,,,,903.3323974609375,213.07325744628906,875.0509,248.46011,,
311,991.66956,1021.826,876.7454833984375,251.19593811035156,,,,,,,875.2074,248.2825,,
312,991.1944,1020.30597,875.820556640625,249.2615203857422,,,,,,,875.61694,248.32712,,
313,989.67865,1022.0695,875.4508666992188,249.00975036621094,,,,,,,874.85864,248.3312,,
314,990.04175,1023.89575,875.7936401367188,249.91795349121094,,,,,,,873.6743,248.4357,,
315,992.8529,1027.8765,874.9478759765625,249.6577606201172,,,,,,,872.07544,248.00778,,
316,995.59534,1034.0823,873.8878784179688,248.41452026367188,,,,,,,872.49036,247.84903,,
317,997.2228,1039.7114,872.3929443359375,250.3290252685547,,,,,,,870.98596,247.80212,,
318,998.18726,1044.3508,871.866943359375,248.5487060546875,,,,,,,870.4219,246.75766,,
319,998.1536,1047.6599,872.2227783203125,248.33767700195312,,,,,,,867.6908,247.79922,,
320,997.7799,1046.2386,869.4662475585938,250.99795532226562,,,,,,,867.0525,248.49649,,
321,997.3416,1045.6838,867.4370727539062,251.71307373046875,,,,,,,864.2468,250.07352,,
322,998.5392,1045.5334,865.7495727539062,251.5923309326172,,,,,,,863.3273,249.4206,,
323,1002.8666,1043.7588,863.1974487304688,251.60728454589844,,,,,,,861.4823,249.9461,,
324,1004.2273,1041.8401,863.8280029296875,251.39474487304688,1755.7467041015625,358.3416442871094,,,916.8587036132812,227.03976440429688,861.7551,249.53073,,
325,1003.1279,1043.009,863.2432250976562,251.53111267089844,1753.89404296875,360.1757507324219,,,928.6824951171875,233.98719787597656,860.72205,249.07144,,
326,1021.0188,1045.2668,862.896240234375,251.46548461914062,,,,,940.4640502929688,242.52781677246094,860.7771,248.52744,,
327,1040.5833,1045.9207,862.9952392578125,251.4840087890625,1754.176025390625,360.7292175292969,,,953.605712890625,251.7757568359375,861.4452,248.88779,,
328,1062.322,1046.5822,864.112060546875,251.5908966064453,1754.4697265625,355.4162292480469,,,966.722412109375,263.8977966308594,861.35156,248.80063,,
329,1090.083,1048.0022,864.457275390625,251.1954803466797,1753.63330078125,364.00177001953125,,,,,862.8771,249.35873,,
330,1118.2803,1045.8242,865.1947021484375,251.11212158203125,1751.8861083984375,359.0182800292969,,,995.7999877929688,291.7042236328125,862.86145,248.66998,,
331,1134.8445,1044.1946,866.75537109375,250.3995819091797,1752.098876953125,357.6662292480469,,,1011.5819091796875,308.0667724609375,863.6196,248.27911,,
332,1146.7719,1034.592,866.49853515625,249.7660675048828,1749.8353271484375,361.88482666015625,1751.811279296875,363.6025085449219,1027.76171875,328.64154052734375,864.89465,248.04095,,
333,1161.6665,1035.094,867.2076416015625,248.0155792236328,1749.167724609375,359.2174377441406,,,1045.039794921875,348.65301513671875,865.4518,249.05942,,
334,1175.0647,1042.8655,1749.7327880859375,361.7298278808594,871.6549072265625,246.83889770507812,,,1063.8592529296875,375.0870056152344,867.02844,248.70792,,
335,1200.7848,1040.7056,1748.761474609375,362.2941589355469,871.0181884765625,248.5074462890625,,,1083.61279296875,400.9551696777344,870.1698,247.47272,,
336,1233.4727,1037.9008,873.3167724609375,249.1398162841797,1747.3883056640625,361.123291015625,,,1104.5533447265625,431.65545654296875,873.7489,249.0427,,
337,1232.6782,1038.7795,876.6683349609375,246.18919372558594,1746.720458984375,362.5611877441406,,,1126.951904296875,464.7425842285156,877.7997,251.08661,,
338,1280.3696,1039.0098,879.1796875,245.55624389648438,1746.71484375,359.8321838378906,,,1149.72509765625,501.16070556640625,878.03674,249.60263,,
339,1302.0162,1046.9609,879.2037963867188,251.05812072753906,1747.117431640625,362.1507873535156,,,1174.805908203125,542.267333984375,879.36475,248.4241,,
340,1327.8193,1053.5486,881.4842529296875,248.64422607421875,1747.141845703125,361.6521911621094,,,1197.453125,564.1463623046875,881.60974,249.03671,,
341,1338.0693,1052.3267,883.0072631835938,247.86767578125,1746.385009765625,361.1260070800781,,,1218.0689697265625,562.4420776367188,883.09045,249.13535,,
342,1353.7377,1050.065,884.1707153320312,247.3195037841797,,,,,1239.452880859375,561.275146484375,885.42053,248.97772,,
343,1388.0288,1051.1973,886.2786254882812,245.22230529785156,1745.2493896484375,362.2944030761719,,,1262.151611328125,561.9761962890625,887.17224,247.78333,,
344,1398.1594,1053.4146,887.8577880859375,245.7820587158203,1746.636474609375,359.36749267578125,,,1285.9412841796875,563.3033447265625,887.7606,248.20218,,
345,1412.3257,1053.6321,888.8662719726562,246.1497802734375,1745.482177734375,359.1822204589844,,,1310.75390625,568.6954956054688,889.71375,249.26389,,
346,1432.3877,1058.3428,889.40234375,248.04566955566406,1744.855712890625,358.5243835449219,,,,,892.57227,249.53604,,
347,1434.095,1056.223,890.447509765625,249.2097625732422,1744.0360107421875,364.9349670410156,,,1364.5911865234375,582.3226318359375,894.0093,249.04214,,
348,1438.2393,1054.7642,892.4163818359375,250.64552307128906,1744.216796875,364.6174621582031,1742.0321044921875,368.2471008300781,1392.882080078125,592.9844970703125,895.1741,248.76382,,
349,1450.5762,1053.1343,896.362060546875,251.03855895996094,1743.29931640625,365.0715026855469,,,1422.5008544921875,605.711669921875,895.43274,248.42621,,
350,1456.7175,1054.545,896.1019287109375,248.31642150878906,1742.2510986328125,364.5590515136719,1739.25830078125,369.69854736328125,1454.012939453125,621.3632202148438,895.7062,248.5769,,
351,1468.4302,1047.4387,896.8178100585938,247.14686584472656,1739.574462890625,371.40618896484375,,,1485.57958984375,639.5802001953125,895.58044,248.41727,,
352,1475.5981,1046.5151,896.77978515625,247.415771484375,1739.1153564453125,371.2720031738281,,,1519.1875,660.6556396484375,895.845,248.02908,,
353,1485.6919,1046.711,896.784912109375,247.71063232421875,1741.0386962890625,366.5409851074219,,,1553.302490234375,684.5794067382812,896.37524,247.27707,,
354,1496.8887,1049.425,897.3465576171875,245.8092498779297,1738.320556640625,367.8206481933594,,,1588.366943359375,711.396728515625,897.09436,247.47763,,
355,1516.263,1038.5137,898.2255859375,247.0214080810547,1738.095947265625,372.1112365722656,,,,,897.3508,247.19495,,
356,1534.8606,1019.005,1738.37548828125,370.3321838378906,899.0606689453125,246.36837768554688,,,,,898.1122,247.44312,,
357,1546.455,1009.08234,899.0418090820312,242.8241729736328,1735.8046875,369.65728759765625,,,,,898.7977,246.76349,,
358,1564.8372,1011.9589,898.8619995117188,242.3881072998047,1735.89453125,367.36834716796875,,,1611.957275390625,672.2122192382812,899.0554,246.50424,,
359,1572.7131,1010.2962,898.6083984375,243.6442108154297,1735.80908203125,367.8547668457031,,,1567.031005859375,594.5686645507812,899.4353,246.67886,,
360,1589.5962,1011.7759,899.1529541015625,243.80690002441406,,,,,1522.9508056640625,526.081787109375,899.89343,246.21701,,
361,1597.9617,1011.75824,899.9293823242188,244.24282836914062,,,,,1480.623046875,465.1084899902344,900.16736,245.86072,,
362,1597.9192,1009.938,900.9226684570312,243.62136840820312,,,,,1441.943115234375,412.6835021972656,900.71094,246.06674,,
363,1595.4141,1008.4598,900.8157958984375,243.13096618652344,,,,,1406.206298828125,366.98101806640625,901.3706,245.73648,,
364,1592.6187,1006.707,900.0162353515625,243.9221649169922,,,,,1373.76708984375,327.738037109375,900.33435,245.43411,,
365,1591.2473,1005.3973,899.5137329101562,244.65940856933594,,,,,1344.284912109375,293.1970520019531,900.0847,245.28687,,
366,1592.6844,1005.36255,899.4735107421875,244.2576141357422,,,,,1317.022705078125,264.0218505859375,900.24866,245.22726,,
367,1596.3219,1007.4954,899.6571044921875,244.4651641845703,,,,,1291.9267578125,239.08047485351562,900.0963,245.22989,,
368,1597.7098,1017.2232,899.44140625,244.65335083007812,,,,,1269.4818115234375,218.5482177734375,899.969,245.47855,,
369,1602.9714,1020.18896,901.5439453125,246.40773010253906,,,,,,,900.4641,245.61618,,
370,1608.8564,1022.1321,904.3185424804688,248.5946502685547,,,,,,,901.79785,246.20032,,
371,1613.4246,1025.5708,908.7081298828125,250.28770446777344,,,,,,,903.569,246.23584,,
372,1614.2186,1026.5339,911.514404296875,249.72775268554688,,,,,,,907.5687,245.4049,,
373,1622.5825,1025.4832,915.8455810546875,246.45616149902344,,,,,,,911.39307,245.21732,,
374,1624.118,1021.81586,917.1773071289062,242.87896728515625,,,,,,,915.1007,245.64429,,
375,1622.213,1015.81604,919.5926513671875,245.62953186035156,1721.965087890625,373.7484436035156,,,,,918.83997,244.84354,,
376,1618.2577,1016.55786,921.6930541992188,245.8304901123047,1721.3316650390625,373.8509216308594,,,,,922.4347,244.23776,,
377,1603.604,1021.1567,924.70458984375,242.52044677734375,,,,,,,925.2838,244.49533,,
378,1583.9165,1022.42346,927.0027465820312,244.6912078857422,,,,,,,927.30835,244.0639,,
379,1570.7227,1021.94916,929.0455322265625,244.6577911376953,,,,,,,930.50745,244.56564,,
380,1558.2446,1023.69415,931.7080078125,244.74234008789062,1528.0869140625,1022.0498657226562,,,,,932.88403,246.2391,,
381,1529.2992,1021.3063,935.5025024414062,242.62472534179688,,,,,,,935.79175,245.40668,,
382,1524.5604,1019.95825,936.6306762695312,243.75343322753906,,,,,,,937.8491,245.63553,,
383,1500.2772,1025.4885,939.8909912109375,249.20947265625,,,,,,,938.5403,246.48929,,
384,1517.9865,1011.8945,942.7380981445312,248.9886932373047,,,,,,,940.31995,246.7804,,
385,1502.507,1009.5357,944.2470703125,245.26080322265625,1720.449462890625,379.7698059082031,,,,,942.2573,246.2912,,
386,1482.8318,1015.03894,949.177734375,245.2628173828125,1720.107421875,379.0508728027344,,,,,944.84766,245.84451,,
387,1443.6355,1026.8535,949.6212158203125,243.1540985107422,1469.9833984375,1025.4317626953125,1720.3948974609375,378.6902160644531,,,948.427,246.20706,,
388,1456.0774,1011.35046,954.0261840820312,245.5456085205078,1433.7086181640625,1015.8861694335938,1719.3846435546875,379.18212890625,,,953.6941,246.60861,,
389,1421.7893,1034.246,957.8056640625,245.5403594970703,1718.4100341796875,379.63055419921875,,,,,956.8417,244.73163,,
390,1410.6954,1038.8782,1716.9678955078125,380.13201904296875,962.4556274414062,245.3839569091797,,,,,957.8242,245.11581,,
391,1397.4165,1046.48,964.2564697265625,245.84336853027344,1716.7862548828125,380.4867248535156,,,,,959.7704,245.39362,,
392,1387.8102,1049.6118,968.250732421875,247.9965057373047,,,,,,,963.61414,245.44034,,
393,1379.6306,1050.0813,971.8848266601562,247.2149200439453,1712.894287109375,380.1044616699219,,,,,967.11206,246.09415,,
394,1347.9001,1046.7932,973.9835815429688,245.64999389648438,1712.5074462890625,386.2845153808594,,,,,970.103,246.15262,,
395,1332.1836,1041.0598,978.44580078125,247.02113342285156,1712.136962890625,384.7873840332031,,,,,979.3541,245.65619,,
396,1315.6696,1047.1106,978.6703491210938,245.90968322753906,,,,,1025.9212646484375,218.45977783203125,981.03723,246.46164,,
397,1293.1759,1041.1022,1714.9105224609375,383.2116394042969,1711.968505859375,384.4833984375,1717.083984375,350.3565673828125,1023.10400390625,227.20448303222656,983.5779,246.43015,979.1456909179688,243.42091369628906
398,1274.3594,1048.03,987.416748046875,246.92332458496094,1714.6395263671875,384.2545471191406,1711.30078125,385.2821350097656,1020.1864013671875,236.47061157226562,987.0023,245.58466,,
399,1254.8717,1050.5398,990.6190185546875,249.4244842529297,1714.57861328125,386.6402282714844,1710.8536376953125,388.0904235839844,1017.9989013671875,245.67074584960938,987.2103,246.22733,,
400,1222.3723,1050.4749,993.926513671875,249.98837280273438,1715.0159912109375,382.631591796875,1711.41796875,385.2701110839844,,,991.9232,245.38538,,
401,1188.125,1056.5574,995.0230102539062,249.07960510253906,1715.00390625,381.595458984375,,,1012.68212890625,265.19146728515625,993.5775,245.70218,,
402,1160.6653,1056.9529,997.219482421875,245.2448272705078,1713.7510986328125,384.574951171875,1710.1077880859375,386.1852111816406,1010.627197265625,274.8973388671875,995.9077,244.55627,,
403,1139.85,1060.9875,998.3526611328125,243.41835021972656,1710.022705078125,386.7147521972656,1713.0076904296875,386.0107116699219,1008.789794921875,269.2934875488281,997.43665,244.94525,,
404,1132.1042,1064.9094,1000.929931640625,244.8149871826172,,,,,,,999.9829,242.50803,,
405,1121.0259,1067.4071,1709.531982421875,387.1189270019531,,,,,,,1002.9635,244.75925,,
406,1110.5906,1062.0046,1708.7872314453125,387.3367614746094,1710.287841796875,386.8736572265625,,,,,1006.8712,243.02847,,
407,1097.0912,1048.3618,1710.87548828125,386.78173828125,1709.17919921875,386.9944152832031,,,,,1009.1705,243.30438,,
408,1082.1729,1051.0167,1710.4896240234375,384.8310241699219,1708.682373046875,385.4279479980469,1012.25537109375,244.51734924316406,,,1009.62964,244.04184,,
409,1063.2034,1047.4885,1709.810302734375,387.5787048339844,1013.045654296875,244.61398315429688,,,,,1008.6389,243.97903,,
410,1040.9542,1043.7861,1708.7314453125,387.2865295410156,1014.4312744140625,243.5045623779297,1705.5421142578125,387.6934509277344,,,1008.801,243.35822,,
411,1017.36743,1036.3745,1708.4853515625,386.2854919433594,1014.7920532226562,243.51873779296875,,,,,1008.9885,243.4144,,
412,987.3315,1039.4929,1707.33203125,386.3692321777344,1014.753662109375,243.15069580078125,,,,,1010.92523,243.499,,
413,967.7522,1035.9972,1707.085693359375,387.4483337402344,1015.5776977539062,242.2901153564453,,,,,1010.8619,243.64355,,
414,946.44543,1034.5181,1705.996826171875,388.8272399902344,1702.4169921875,391.704345703125,1015.9277954101562,244.030517578125,,,1010.6704,243.5846,,
415,929.5545,1034.1705,1704.4013671875,391.37823486328125,1016.5255126953125,245.54122924804688,1701.572021484375,394.77899169921875,,,1009.33435,243.12726,,
416,914.85333,1033.9512,1704.28564453125,390.4430236816406,1018.024658203125,244.6544952392578,1701.23779296875,394.8600769042969,,,1009.9026,242.82333,,
417,906.16626,1035.4702,1018.5347900390625,243.18287658691406,1699.196044921875,390.1763610839844,1701.27978515625,388.697021484375,,,1011.8321,241.6066,,
418,894.33765,1039.0925,1018.82958984375,244.26187133789062,1699.799072265625,387.05120849609375,1697.0240478515625,388.4899597167969,,,1017.93115,241.33417,,
419,889.97107,1044.0802,1020.1759643554688,242.67955017089844,,,,,,,1018.26874,239.8464,,
420,890.53784,1045.0427,1020.0538940429688,240.62200927734375,1695.229248046875,390.12042236328125,,,,,1018.55066,240.4158,,
421,890.9238,1044.2927,1019.597900390625,243.6586456298828,,,,,,,1019.295,238.01263,,
422,890.30255,1044.3774,1019.8927001953125,243.61305236816406,,,,,,,1019.3733,239.25739,,
423,889.5452,1044.3777,1019.9690551757812,242.98507690429688,,,,,,,1018.8929,239.7399,,
424,886.14514,1044.397,1020.104248046875,243.5517120361328,,,,,,,1019.21497,236.10751,,
425,882.1833,1043.0901,1020.2228393554688,244.34390258789062,,,,,,,1020.1152,240.15976,,
426,876.63995,1043.3485,1020.4168090820312,245.16749572753906,,,,,,,1020.07654,240.62918,,
427,870.13074,1046.6582,1019.6734008789062,244.6348114013672,,,,,,,1021.0271,240.64438,,
428,865.6217,1048.9991,1019.593994140625,245.03773498535156,,,,,,,1021.1489,241.00793,,
429,861.5343,1054.0118,1019.8927001953125,244.18698120117188,1690.992919921875,397.38427734375,,,,,1020.1902,240.538,,
430,856.4046,1061.624,1019.7535400390625,244.13595581054688,,,,,,,1019.47565,240.99326,,
431,854.67944,1071.1245,1020.254638671875,244.0779571533203,1690.970703125,398.5019836425781,,,,,1019.50885,240.12238,,
432,849.6372,1078.926,1019.5956420898438,242.4038543701172,1690.8577880859375,398.6398010253906,,,,,1018.8995,238.80771,,
433,848.4291,1080.0,1690.645751953125,399.3006896972656,1019.5628051757812,240.17298889160156,,,,,1018.76984,237.49173,,
434,849.1554,1080.0,1690.1590576171875,397.9863586425781,1019.814453125,242.23924255371094,,,,,1019.1842,238.35153,,
435,847.09265,1080.0,1690.748291015625,398.5216369628906,1019.0336303710938,241.8120574951172,,,,,1019.7298,239.1507,,
436,842.3119,1080.0,1018.974365234375,240.92384338378906,1691.890625,397.8584289550781,,,,,1018.9172,240.18918,,
437,840.4792,1080.0,1018.3652954101562,241.022705078125,1691.9091796875,397.8928527832031,,,,,1015.2732,239.39554,,
438,839.1659,1080.0,1017.34814453125,238.23440551757812,,,,,,,1013.60675,239.2756,,
439,834.8445,1080.0,1691.7718505859375,397.1067810058594,1017.0223999023438,237.56446838378906,,,,,1011.0486,239.94916,,
440,819.31287,1079.0996,1013.2505493164062,240.18690490722656,1691.63134765625,396.9190979003906,,,,,1009.86475,240.54102,,
441,790.86633,1078.5498,1013.456298828125,239.23768615722656,,,,,,,1009.0093,240.30246,,
442,769.7312,1080.0,1010.7709350585938,241.40492248535156,,,,,,,1008.7848,240.97153,,
443,745.18,1075.9941,1009.4374389648438,242.33372497558594,,,,,,,1008.86035,240.93118,,
444,723.1057,1078.2118,1009.84765625,243.1735076904297,1693.9053955078125,392.2938537597656,1692.9356689453125,393.1457824707031,,,1008.79956,241.8729,,
445,710.8377,1080.0,1005.2008666992188,240.8928680419922,1693.498291015625,392.3463134765625,1692.84033203125,393.1602478027344,,,1009.03345,242.11472,,
446,695.3712,1076.9609,1005.5919799804688,241.3518829345703,1694.2584228515625,392.5077819824219,1693.424560546875,393.6970520019531,,,1008.2904,242.18985,,
447,678.92456,1076.1575,1693.5234375,390.5723571777344,1004.38720703125,240.55856323242188,1691.921142578125,394.8084411621094,,,1006.0563,241.81381,,
448,667.7607,1073.1492,1692.9605712890625,392.7900085449219,1003.4280395507812,239.8633575439453,1691.7095947265625,395.9223937988281,,,1003.5436,241.34732,,
449,655.8677,1078.3711,1693.3564453125,394.1272888183594,1002.1962890625,240.53343200683594,1692.3314208984375,396.4776306152344,,,1003.5536,240.4141,,
450,642.8345,1080.0,1692.4921875,389.5650634765625,999.8236083984375,239.6695098876953,,,,,1002.6898,239.42004,,
451,639.2246,1080.0,1692.792236328125,389.1768493652344,1000.0277709960938,241.30787658691406,,,,,1001.45154,240.2052,,
452,629.3214,1079.5155,999.3170166015625,241.74014282226562,1690.4754638671875,390.6003112792969,,,,,1000.67664,240.18002,,
453,615.57556,1080.0,998.5116577148438,239.65969848632812,1692.2589111328125,393.3708801269531,1691.08740234375,395.3734436035156,,,998.2816,240.88101,,
454,589.1862,1077.6478,996.3746337890625,240.0516815185547,,,,,,,995.21265,240.94357,,
455,560.57794,1076.5645,995.560546875,239.89764404296875,,,,,,,993.2134,241.30164,,
456,543.9624,1080.0,994.5031127929688,241.4044189453125,1691.9638671875,389.5494079589844,1691.62939453125,388.6249694824219,,,991.9181,241.48871,,
457,540.1005,1079.3096,993.9444580078125,239.68080139160156,,,,,783.64404296875,227.59283447265625,991.16907,241.72632,,
458,523.02,1077.634,991.9635009765625,240.57586669921875,,,,,770.312255859375,245.17071533203125,990.93726,241.89706,,
459,508.89062,1074.9365,990.0258178710938,238.03427124023438,1691.3236083984375,389.3901672363281,,,,,990.0642,241.79858,,
460,502.04282,1072.1289,989.2769775390625,238.1532440185547,,,,,739.6766967773438,292.22418212890625,988.9136,241.71579,,
461,488.40903,1076.8271,988.5582275390625,240.12574768066406,1689.55126953125,390.9288635253906,,,723.0896606445312,320.358642578125,987.78516,241.82684,,
462,473.1742,1076.3899,988.4884033203125,240.77911376953125,,,,,705.897216796875,347.95458984375,987.23474,242.6076,,
463,476.0993,1077.3804,987.1611328125,240.25384521484375,1689.862060546875,391.0557556152344,1688.435791015625,389.95947265625,687.5452270507812,383.2119140625,986.96594,242.46509,,
464,464.68088,1080.0,986.014404296875,243.27394104003906,1686.601318359375,383.1136779785156,1687.375732421875,384.4378967285156,668.4923095703125,420.615234375,987.00867,242.81833,,
465,460.98187,1080.0,1683.896240234375,384.89373779296875,985.5968627929688,243.03895568847656,,,649.2396240234375,462.20635986328125,986.0499,244.67087,,
466,454.45667,1077.7339,1685.2276611328125,387.9422912597656,983.9716186523438,244.2516326904297,1686.470947265625,388.3676452636719,629.44482421875,507.28271484375,985.3613,245.7728,,
467,451.7732,1077.0962,1683.4769287109375,388.4687805175781,983.138671875,241.7039337158203,1684.4144287109375,388.6141662597656,,,983.52673,244.36572,,
468,449.35248,1079.1746,1684.85595703125,389.5214538574219,982.808349609375,240.85643005371094,1681.02099609375,390.6127014160156,587.48583984375,611.08740234375,981.90076,244.52469,,
469,443.46353,1080.0,1686.9290771484375,390.9102478027344,1683.3563232421875,389.46990966796875,981.703125,242.5898895263672,566.28125,670.0335693359375,980.5032,246.26099,,
470,439.92795,1080.0,980.9833984375,244.4425506591797,1684.798828125,389.15057373046875,1685.148193359375,388.8140563964844,545.286376953125,708.9043579101562,980.0951,246.0036,,
471,439.07254,1080.0,979.31103515625,243.77142333984375,1686.5888671875,389.14794921875,1686.185546875,388.9457702636719,523.9324951171875,702.9483642578125,979.2047,246.70444,,
472,439.08084,1080.0,978.93896484375,245.89068603515625,,,,,501.91754150390625,698.2154541015625,978.5438,246.59329,,
473,407.61023,1080.0,979.6803588867188,245.6546173095703,,,,,478.2099609375,695.5145263671875,978.24084,246.50705,,
474,422.8825,1080.0,978.529296875,245.35702514648438,,,,,453.76275634765625,694.7705078125,978.1959,246.5506,,
475,449.72318,1080.0,978.2718505859375,245.39218139648438,,,,,426.944091796875,695.1010131835938,978.14246,246.80533,,
476,444.04782,1080.0,977.8255615234375,246.60765075683594,1681.81201171875,383.41015625,,,399.5661315917969,696.9892578125,978.13367,246.7504,,
477,433.77252,1080.0,977.7496948242188,245.27146911621094,1681.400390625,382.22479248046875,,,,,978.3258,246.56473,,
478,423.70703,1080.0,977.5101318359375,244.0700225830078,1682.1966552734375,379.07904052734375,,,340.166015625,709.3116455078125,978.67175,246.72235,,
479,425.89517,1079.3508,976.9894409179688,245.9098663330078,1681.2396240234375,377.90673828125,,,308.02081298828125,718.32080078125,979.31775,246.7337,,
480,439.43057,1073.1582,976.7889404296875,246.49449157714844,1681.240478515625,376.79254150390625,,,274.27215576171875,730.9224853515625,979.9441,246.75415,,
481,455.88684,1070.9381,978.5157470703125,245.0968017578125,1680.961669921875,376.80517578125,,,371.5128479003906,645.261474609375,979.73645,246.50305,,
482,459.75336,1071.9343,977.8353881835938,247.39125061035156,,,,,466.96612548828125,569.3140869140625,980.0762,246.81833,,
483,460.49368,1066.8378,977.5061645507812,246.7342071533203,,,,,546.2059326171875,507.0322265625,979.92017,247.2482,,
484,462.29996,1062.7731,978.0027465820312,246.94422912597656,,,,,613.9091186523438,458.39984130859375,979.96423,247.90335,,
485,463.95355,1063.6235,978.3568725585938,246.7273406982422,,,,,670.6519775390625,419.1683044433594,980.1752,248.50876,,
486,464.62524,1061.557,978.9486694335938,245.91558837890625,,,,,718.3087158203125,388.0760498046875,981.0542,248.27243,,
487,461.44437,1071.3074,979.0726318359375,247.50668334960938,,,,,759.564697265625,363.20977783203125,981.01575,248.41064,,
488,456.90045,1078.3209,980.4310302734375,249.3882293701172,,,,,794.24853515625,342.6802978515625,981.1736,248.7103,,
489,456.56592,1078.5366,981.974365234375,249.76473999023438,,,,,823.8515014648438,327.41412353515625,981.30286,248.34418,,
490,457.67404,1075.77,982.498046875,249.92555236816406,,,,,851.5855712890625,311.73388671875,980.9918,248.46704,,
491,457.77505,1072.9436,983.92138671875,249.61912536621094,,,,,873.4049072265625,303.1651306152344,981.27686,248.55295,,
492,458.19904,1066.8607,985.9232177734375,249.4939422607422,,,,,,,981.7556,247.94101,,
493,461.421,1063.9072,990.85888671875,249.46266174316406,,,,,910.5902099609375,287.9857482910156,982.8943,247.7875,,
494,473.73093,1067.2397,991.0540771484375,249.47378540039062,986.8109130859375,249.88916015625,,,925.42333984375,283.94207763671875,984.8013,247.60712,,
495,491.01642,1065.9906,993.64599609375,247.6977996826172,,,,,939.49658203125,280.7348937988281,987.5851,248.51395,,
496,522.2417,1065.3832,997.2286376953125,248.6593780517578,1672.1495361328125,372.9384460449219,,,951.4844360351562,276.9542541503906,991.62146,248.94263,,
497,560.1178,1067.1636,997.6932373046875,248.38856506347656,,,,,962.9793090820312,275.97869873046875,995.6133,249.86575,,
498,561.1089,1064.135,1000.6950073242188,248.83619689941406,,,,,972.6785888671875,275.7505798339844,1000.7433,250.56812,,
499,599.4304,1063.1453,1004.0172729492188,249.1874542236328,,,,,981.927001953125,275.35247802734375,1004.8994,251.39212,,
500,606.6504,1063.905,1007.0101928710938,245.15647888183594,,,,,989.289306640625,275.9666748046875,1007.4155,249.41495,,
501,594.7886,1056.251,1673.42431640625,371.7192077636719,1010.8491821289062,251.50904846191406,,,996.9334106445312,277.3897705078125,1008.8208,251.8353,,
502,613.90796,1034.2295,1012.9042358398438,251.1122589111328,1670.3045654296875,378.3205871582031,,,1003.547607421875,278.88580322265625,1011.3234,251.61743,,
503,611.38477,1020.24243,1014.5999755859375,252.24888610839844,1672.4644775390625,370.5608825683594,,,1009.9078369140625,281.54925537109375,1014.49445,251.0433,,
504,625.54407,1012.788,1017.4158325195312,251.14393615722656,,,,,1015.5531616210938,283.3603210449219,1016.3586,251.35892,,
505,625.0437,1005.4283,1018.9692993164062,251.19044494628906,1670.5008544921875,353.6489562988281,,,1020.5740966796875,285.48089599609375,1018.9262,250.53317,,
506,638.3491,1022.241,1019.1249389648438,251.5619659423828,1667.687255859375,373.7165222167969,,,1024.296142578125,281.2220458984375,1019.61615,251.1907,,
507,650.1733,1016.5966,1020.1078491210938,251.042236328125,,,,,1027.3009033203125,271.37896728515625,1020.83234,251.63364,,
508,668.7273,1007.45953,1022.4837036132812,250.8132781982422,,,,,,,1021.37695,250.46402,,
509,688.8968,999.1905,1022.8679809570312,251.3046112060547,,,,,,,1022.32,253.51663,,
510,704.3868,1000.5247,1023.5072631835938,250.3068389892578,,,,,,,1023.9804,252.60458,,
511,711.83777,1000.24115,1024.646240234375,250.11566162109375,,,,,,,1025.5437,252.1535,,
512,713.7416,1000.3016,1024.8421630859375,250.11302185058594,,,,,,,1026.8918,252.31137,,
513,714.3111,1001.233,1024.9384765625,249.86672973632812,,,,,,,1027.6633,252.18991,,
514,718.92053,1000.4008,1025.82177734375,250.045166015625,1029.79296875,248.79588317871094,,,,,1026.477,252.36972,,
515,720.506,1000.79205,1026.019775390625,249.926513671875,,,,,,,1027.0278,252.89029,,
516,724.178,997.8211,1027.3890380859375,250.30775451660156,,,,,,,1027.1008,253.01913,,
517,727.76764,997.82465,1027.464599609375,250.29920959472656,1031.8271484375,248.89344787597656,,,,,1027.7512,252.83469,,
518,730.6212,997.4881,1025.884521484375,250.6685028076172,1030.96337890625,249.6496124267578,,,,,1027.449,252.69437,,
519,732.70654,997.27954,1027.144775390625,250.3974609375,,,,,,,1028.2725,253.08035,,
520,736.35266,1002.4886,1031.114501953125,247.41233825683594,,,,,,,1028.2473,253.0892,,
521,740.56006,1004.8945,1649.982421875,344.5323791503906,1027.904052734375,250.23995971679688,,,,,1030.6685,252.68143,,
522,745.54913,1010.6812,1028.6341552734375,250.9738006591797,1648.681884765625,345.9611511230469,,,,,1027.1555,253.44693,,
523,748.84064,1020.8941,1031.5595703125,249.03643798828125,1648.4234619140625,343.1236267089844,,,,,1026.4763,252.93744,,
524,750.3804,1029.6442,1646.915771484375,342.0065612792969,1031.1505126953125,249.32374572753906,,,,,1028.0376,254.0027,,
525,749.39294,1033.0828,1028.21630859375,252.6544189453125,1645.521240234375,345.5220642089844,,,,,1029.0537,253.00488,,
526,749.1933,1034.4304,1028.703857421875,252.15467834472656,1644.7255859375,346.924560546875,,,,,1030.9673,255.16917,,
527,749.3546,1030.1604,1029.1571044921875,251.99940490722656,1643.3551025390625,337.0119323730469,,,,,1030.5056,255.02089,,
528,752.1094,1025.02,1028.692626953125,251.7308807373047,1643.517822265625,336.3025817871094,,,,,1028.7915,255.11345,,
529,754.09485,1025.202,1022.6408081054688,250.45504760742188,1642.2412109375,336.9832458496094,,,,,1027.8298,255.11214,,
530,759.4601,1038.1462,1022.289306640625,250.40135192871094,,,,,,,1027.176,254.65349,,
531,767.7241,1050.0905,1022.6474609375,250.70045471191406,,,,,994.7731323242188,228.24993896484375,1027.3293,254.76067,,
532,781.13324,1063.3085,1022.070556640625,250.24717712402344,,,,,989.0772094726562,236.67437744140625,1026.7102,253.85556,,
533,785.4201,1070.217,1019.7703247070312,250.26170349121094,,,,,,,1025.2075,253.40121,,
534,791.5618,1074.4933,1017.8714599609375,250.45252990722656,,,,,978.882568359375,256.7822265625,1021.50714,252.56552,,
535,787.3517,1079.6195,1016.2335205078125,250.5135040283203,,,,,972.4487915039062,268.119384765625,1018.3122,253.46515,,
536,793.15234,1079.5146,1013.4379272460938,250.79214477539062,,,,,966.4193725585938,281.966796875,1013.83234,253.50974,,
537,791.80396,1080.0,1011.0905151367188,250.8463897705078,,,,,960.272216796875,298.06927490234375,1009.4973,252.25476,,
538,781.77026,1080.0,1009.1836547851562,251.45887756347656,,,,,,,1005.47986,250.6388,,
539,780.3169,1080.0,1005.9120483398438,248.51998901367188,,,,,944.8493041992188,337.50372314453125,1006.4321,252.34192,,
540,788.61865,1080.0,1003.2361450195312,249.81297302246094,1631.602294921875,336.59991455078125,,,937.4681396484375,360.65093994140625,1003.3827,249.4255,,
541,782.1559,1080.0,1000.4530029296875,250.00552368164062,1629.503662109375,337.7809753417969,,,928.61376953125,386.79730224609375,1000.7062,249.71475,,
542,780.7031,1080.0,999.5445556640625,249.53187561035156,1630.352294921875,335.2528991699219,,,919.8323364257812,415.96783447265625,999.6387,251.24957,,
543,782.0433,1080.0,997.631103515625,247.68740844726562,1629.8426513671875,334.19183349609375,,,910.673828125,448.72943115234375,997.2344,251.12915,,
544,791.13184,1080.0,995.2461547851562,250.7622833251953,1626.96142578125,335.8135070800781,,,,,994.4584,248.01651,,
545,792.4513,1080.0,994.0929565429688,249.22317504882812,1625.2852783203125,336.8434143066406,,,,,992.9905,247.5123,,
546,798.58203,1080.0,989.7938232421875,247.27459716796875,1622.059814453125,336.411376953125,,,878.0630493164062,574.016357421875,988.9708,248.82211,,
547,809.20984,1080.0,987.9290771484375,249.2902374267578,1621.254638671875,336.1751708984375,,,,,985.84204,249.53369,,
548,816.55884,1078.437,986.3759765625,250.8252410888672,1619.772216796875,337.8750915527344,,,851.9461669921875,682.0208129882812,983.41016,247.59909,,
549,829.3129,1078.8169,982.1207275390625,250.5846405029297,1618.45703125,339.3921203613281,1619.253662109375,335.04840087890625,838.0684204101562,744.5714111328125,979.7599,247.20322,,
550,842.1981,1078.8613,979.60498046875,246.10203552246094,1616.573974609375,336.5948791503906,,,825.373291015625,749.2078857421875,977.2849,246.41193,,
551,833.3999,1079.1991,976.4267578125,248.60035705566406,1615.0341796875,335.11614990234375,,,813.8487548828125,750.7001953125,975.54456,246.79639,,
552,974.1081,248.05052,820.752197265625,1079.84814453125,1613.0716552734375,333.4268798828125,,,800.118896484375,753.48681640625,974.53064,246.81247,,
553,973.2473,247.36049,839.9635009765625,1078.9932861328125,1612.6300048828125,333.4329528808594,,,785.7115478515625,759.2557373046875,973.9884,246.30441,,
554,972.83954,247.56606,845.9852294921875,1079.91650390625,,,,,770.245361328125,766.4603271484375,973.55493,247.09546,,
555,971.43146,246.47623,1611.069091796875,332.58721923828125,864.5189208984375,1080.0,,,753.8052978515625,776.9341430664062,972.93896,247.11603,,
556,885.9088,1080.0,970.7451171875,246.9777374267578,1607.9044189453125,333.4449157714844,,,736.2395629882812,790.8502197265625,971.8812,247.164,,
557,898.82904,1080.0,969.495849609375,246.14117431640625,1607.7276611328125,330.9657897949219,,,717.1937255859375,806.952880859375,969.9193,246.14862,,
558,880.25635,1080.0,966.3473510742188,246.04957580566406,,,,,696.626220703125,824.8563232421875,968.3224,245.8941,,
559,867.08167,1080.0,965.067626953125,245.35231018066406,1606.98486328125,331.0705261230469,,,675.5384521484375,850.0416259765625,966.6461,246.3406,,
560,873.3978,1080.0,963.7289428710938,244.58587646484375,,,,,652.7357177734375,877.038818359375,965.2189,245.93622,,
561,896.61456,1080.0,962.7838134765625,242.88816833496094,,,,,660.0518188476562,803.325439453125,963.5925,246.17484,,
562,913.43884,1076.4412,961.9411010742188,242.08973693847656,,,,,682.0963134765625,693.5250244140625,961.7461,246.03098,,
563,925.34985,1077.6372,960.810302734375,241.99864196777344,1602.512939453125,331.1436767578125,,,700.4619750976562,606.415283203125,960.3966,245.46045,,
564,935.4957,1078.8248,957.7410278320312,244.7616729736328,,,,,716.7342529296875,537.147705078125,957.6786,246.85724,,
565,941.6684,1080.0,957.035888671875,245.82815551757812,,,,,729.428466796875,481.77166748046875,956.2185,245.5025,,
566,950.866,1080.0,955.2365112304688,241.91029357910156,,,,,740.9337158203125,438.19036865234375,954.81335,244.97165,,
567,958.39844,1080.0,953.5628662109375,243.533203125,,,,,750.04345703125,402.29302978515625,952.75793,245.11646,,
568,961.77246,1080.0,952.7125854492188,243.19212341308594,,,,,757.846923828125,374.9863586425781,951.0786,244.27338,,
569,968.534,1080.0,949.2954711914062,244.45106506347656,,,,,765.163330078125,352.9152526855469,950.7488,244.18588,,
570,970.362,1080.0,949.166015625,243.9534454345703,,,,,771.6831665039062,333.1333923339844,950.7372,244.07565,,
571,968.9836,1080.0,950.065185546875,244.05519104003906,1595.6015625,325.625732421875,,,,,950.8258,244.35666,,
572,967.8839,1080.0,949.7059936523438,247.63641357421875,,,,,780.7123413085938,307.4051513671875,949.87476,244.3656,,
573,962.871,1080.0,942.601318359375,246.54505920410156,,,,,784.5617065429688,296.393310546875,949.1753,244.11325,,
574,950.40686,1079.5898,941.2435913085938,245.55674743652344,,,,,787.6627807617188,289.680419921875,944.167,244.92297,,
575,948.414,1079.0719,933.129150390625,240.36163330078125,938.406005859375,243.61395263671875,,,790.6463623046875,283.50250244140625,937.97766,244.14868,,
576,956.5006,1079.4817,,,,,,,792.8426513671875,279.8287353515625,930.1394,243.95471,,
577,958.3852,1079.4003,927.9202880859375,241.24942016601562,,,,,795.845703125,277.121826171875,924.31604,244.45593,,
578,959.2656,1079.5898,922.1533813476562,245.75633239746094,,,,,796.9283447265625,275.63848876953125,920.51196,244.03915,,
579,958.94104,1080.0,920.0859375,244.14578247070312,,,,,798.97216796875,274.9549560546875,916.8345,244.3805,,
580,955.6183,1080.0,918.021240234375,245.38417053222656,,,,,800.4522705078125,274.61083984375,913.4951,243.0275,,
581,953.45416,1080.0,915.3409423828125,243.07269287109375,,,,,802.4188842773438,274.9133605957031,912.4608,244.50665,,
582,948.5438,1080.0,910.3822631835938,242.87257385253906,,,,,802.6199951171875,276.77911376953125,908.87854,243.91357,,
583,945.5226,1080.0,905.3395385742188,244.1788330078125,,,,,803.2554321289062,279.0625915527344,904.1107,245.90256,,
584,946.21045,1079.1912,901.400390625,241.2429656982422,,,,,804.0677490234375,281.4012451171875,901.1633,245.38303,,
585,946.9781,1080.0,898.9716796875,244.9679718017578,,,,,804.7936401367188,284.49603271484375,896.4896,243.35635,,
586,945.02936,1078.6359,895.0184326171875,245.5968017578125,,,,,805.2578125,288.70635986328125,892.50745,243.93613,,
587,943.8981,1074.9802,891.6483764648438,243.13258361816406,,,,,806.3042602539062,291.9245910644531,888.901,244.82242,,
588,944.8418,1065.7136,889.7898559570312,245.72799682617188,,,,,807.09423828125,280.1985168457031,887.71204,244.81082,,
589,949.63696,1049.8721,886.6439208984375,243.9729766845703,,,,,809.43310546875,269.78753662109375,884.0049,243.56808,,
590,956.0069,1047.2201,883.5457763671875,244.9208221435547,,,,,,,881.2118,243.64499,,
591,961.7613,1043.5117,881.6317138671875,245.44032287597656,,,,,811.3223876953125,250.89166259765625,879.95984,245.2825,,
592,966.54816,1042.3035,880.5067749023438,244.8856964111328,,,,,813.1126098632812,243.87838745117188,875.4242,245.24152,,
593,971.7579,1044.7603,1574.6376953125,314.83087158203125,877.6993408203125,246.06546020507812,,,813.9598388671875,237.3681182861328,872.64636,247.25247,,
594,979.0877,1050.543,876.342041015625,243.6907196044922,1573.7003173828125,315.71307373046875,,,815.1060791015625,231.8266143798828,874.46387,247.04303,,
595,981.44617,1055.1533,873.825439453125,247.90274047851562,1572.042724609375,313.89129638671875,,,,,868.4092,248.38266,,
596,982.15393,1055.8994,871.56103515625,249.55398559570312,,,,,817.4775390625,221.35040283203125,867.4291,248.74124,,
597,981.2058,1054.3376,871.2654418945312,248.65586853027344,1571.0283203125,316.97906494140625,,,818.5662231445312,217.89617919921875,866.65735,248.13577,,
598,981.7414,1052.4576,871.325927734375,248.81130981445312,,,,,,,866.0399,248.28323,,
599,980.65576,1048.6909,868.8267822265625,249.0546112060547,,,,,820.26123046875,213.40481567382812,866.1959,248.27005,,
600,981.5665,1045.7695,868.6349487304688,249.3999481201172,,,,,821.177001953125,211.7930145263672,866.92053,248.14566,,
601,985.5952,1042.2947,868.1693115234375,249.3234405517578,,,,,,,865.99634,248.77951,,
602,988.9604,1040.1484,867.641845703125,249.5673065185547,1568.17431640625,313.1177673339844,,,822.9313354492188,210.61923217773438,865.8065,248.6152,,
603,990.86755,1039.2557,867.4161987304688,249.74063110351562,,,,,,,866.1344,248.6766,,
604,993.38855,1041.5015,867.3021240234375,249.25048828125,,,,,825.25390625,211.4427490234375,865.7473,248.8359,,
605,996.9381,1042.0571,865.5267333984375,249.8382110595703,,,,,829.794921875,212.67807006835938,864.7258,249.7132,,
606,1003.94073,1042.8453,863.177001953125,249.2584991455078,1563.8865966796875,312.7138671875,,,,,864.87366,249.49341,,
607,1009.97546,1046.4827,863.1622924804688,249.60617065429688,,,,,840.0987548828125,217.902099609375,863.8766,248.44473,,
608,1012.6398,1050.7029,863.0524291992188,249.7151336669922,,,,,,,863.7849,247.50012,,
609,1017.40814,1059.8647,862.3244018554688,247.9551544189453,,,,,,,861.92883,248.61932,,
610,1021.60803,1061.814,861.3286743164062,249.0303497314453,,,,,,,859.16516,248.83463,,
611,1022.51074,1061.8848,860.28466796875,249.00917053222656,,,,,,,857.6145,248.75836,,
612,1022.2075,1062.1069,860.377685546875,250.36582946777344,,,,,,,857.25806,249.20154,,
613,1022.911,1060.3994,859.0581665039062,251.63722229003906,,,,,,,855.3556,250.92236,,
614,1024.553,1057.4231,858.1085815429688,249.75892639160156,,,,,,,855.8756,251.1944,,
615,1024.144,1056.5461,856.81005859375,249.98492431640625,,,,,903.917236328125,277.02923583984375,854.4281,251.24377,,
616,1032.4178,1053.4424,856.4360961914062,249.3798065185547,,,,,915.7451171875,291.35443115234375,854.3341,250.9567,,
617,1053.6614,1052.408,856.3767700195312,249.5775146484375,,,,,,,854.63464,251.75076,,
618,1082.5049,1056.531,856.8627319335938,249.82127380371094,,,,,938.2213134765625,324.66900634765625,855.4685,251.61407,,
619,1109.2195,1053.1919,857.0635986328125,250.31228637695312,,,,,952.0440673828125,345.5330810546875,855.4512,251.35748,,
620,1138.7302,1052.4419,858.3555908203125,250.22254943847656,,,,,966.3070678710938,368.8066711425781,856.6045,251.13174,,
621,1121.7393,1048.3291,859.74267578125,251.6502227783203,1148.28076171875,1049.8187255859375,,,981.7518310546875,394.76666259765625,857.3247,251.26761,,
622,1133.6692,1048.1177,861.2686157226562,251.028076171875,,,,,998.2963256835938,424.21685791015625,859.5541,249.74734,,
623,1143.3954,1055.1165,865.2557373046875,251.05430603027344,,,,,1017.0504150390625,457.52294921875,861.1483,248.51553,,
624,1152.9021,1054.3,867.23779296875,250.1502227783203,,,,,1036.1572265625,495.44671630859375,863.73804,248.67068,,
625,1168.3181,1054.4308,869.622802734375,247.49070739746094,,,,,1057.5198974609375,537.4483032226562,868.1127,247.28006,,
626,1192.7721,1056.4443,871.70849609375,246.71128845214844,,,,,1079.27197265625,573.6114501953125,869.95715,249.64462,,
627,1194.4814,1054.5803,872.7125244140625,248.75994873046875,,,,,1098.290771484375,578.039306640625,872.2562,247.18759,,
628,1200.9565,1056.6152,875.4669799804688,248.7436981201172,,,,,1117.8927001953125,585.6182861328125,873.1493,250.23553,,
629,1210.9352,1056.7456,876.9882202148438,251.2371826171875,,,,,1138.9058837890625,594.801513671875,875.45215,247.95163,,
630,1214.5391,1054.897,878.12841796875,250.38858032226562,,,,,1161.82177734375,606.649658203125,878.068,248.45273,,
631,1202.1509,1054.948,880.06884765625,250.68544006347656,,,,,1186.454833984375,620.955322265625,881.1599,248.62442,,
632,1205.8289,1057.0713,884.337646484375,248.11058044433594,,,,,1212.004638671875,638.81591796875,883.5154,248.93256,,
633,1210.532,1052.1053,884.337890625,248.76856994628906,,,,,1239.981689453125,658.4940185546875,883.7766,248.77408,,
634,1218.5457,1039.3279,885.94189453125,248.72012329101562,,,,,1270.1131591796875,683.2952880859375,884.77747,249.03702,,
635,1223.8696,1047.6101,886.4766235351562,249.0319061279297,,,,,1302.42236328125,712.103759765625,885.8335,247.64304,,
636,1235.3972,1048.0071,887.98681640625,246.90151977539062,,,,,1336.456298828125,745.26025390625,888.61743,247.41187,,
637,1260.9534,1044.0608,889.3480224609375,243.10670471191406,,,,,1373.183349609375,783.5537109375,890.5332,246.02768,,
638,1285.6199,1027.6461,890.1529541015625,243.17349243164062,,,,,1409.769287109375,821.7282104492188,893.08154,246.8529,,
639,1262.0382,1017.4825,894.4515380859375,243.6177978515625,,,,,1361.8878173828125,718.8697509765625,894.1129,247.31442,,
640,1276.6576,1008.2177,897.7329711914062,249.61541748046875,,,,,1319.496826171875,632.383544921875,896.2113,246.03552,,
641,1272.0295,1000.44403,899.113037109375,249.2805633544922,,,,,1282.675048828125,561.0197143554688,898.032,246.57184,,
642,1283.7147,997.5385,900.1759643554688,249.37916564941406,,,,,1250.9134521484375,502.0650939941406,900.86414,247.35556,,
643,1292.8838,992.23425,900.7828369140625,244.96925354003906,,,,,1223.7529296875,452.3381652832031,903.422,247.126,,
644,1287.987,994.0318,904.2317504882812,245.1182098388672,,,,,1200.59423828125,412.076904296875,906.4568,246.28198,,
645,1298.415,991.3426,907.4943237304688,245.98622131347656,,,,,1180.226806640625,378.5994567871094,907.8666,246.41989,,
646,1301.1589,998.2044,909.6077270507812,246.9126434326172,904.3084716796875,244.7845916748047,,,,,909.94666,245.24533,,
647,1300.2876,1002.33325,910.45166015625,243.71630859375,,,,,,,911.29236,245.55475,,
648,1301.1511,997.3383,911.4845581054688,245.7077178955078,,,,,,,910.00037,244.96658,,
649,1303.2925,997.24677,912.7295532226562,249.39450073242188,,,,,,,910.66724,245.113,,
650,1306.1992,1000.09,913.4855346679688,249.8810272216797,,,,,,,911.33887,246.44733,,
651,1307.92,1002.5997,918.4288330078125,245.06752014160156,,,,,,,914.1334,245.33069,,
652,1308.9644,1004.04956,922.2349243164062,245.192138671875,,,,,1092.0191650390625,252.06887817382812,916.54004,245.95499,,
653,1309.5635,1005.0894,923.8372802734375,246.95127868652344,,,,,1084.79248046875,244.75177001953125,919.63586,245.58157,,
654,1310.115,1004.7347,926.6130981445312,247.66322326660156,,,,,,,924.75244,246.83325,,
655,1313.5144,1003.30865,927.913330078125,247.91839599609375,,,,,,,928.49036,246.94318,,
656,1320.8955,1004.06433,930.6575317382812,249.42494201660156,,,,,1065.9822998046875,229.29071044921875,931.2357,246.62366,,
657,1323.7407,1003.76355,935.200927734375,247.99142456054688,,,,,1060.972412109375,227.0010528564453,933.3696,247.68747,,
658,1318.5178,1007.33185,936.7024536132812,247.28627014160156,,,,,1056.068603515625,224.80897521972656,935.7982,247.1319,,
659,1309.0552,1012.18915,938.558349609375,247.17970275878906,,,,,1052.2015380859375,223.91455078125,936.9813,247.27625,,
660,1292.4941,1014.4062,940.5595092773438,247.71817016601562,,,,,1048.4564208984375,223.52487182617188,939.1168,246.70325,,
661,1273.7578,1015.5095,941.2633056640625,248.17108154296875,,,,,1044.929443359375,223.38125610351562,940.9581,246.69308,,
662,1259.0511,1011.4977,943.584716796875,247.16107177734375,,,,,1041.7442626953125,223.94798278808594,943.1277,247.59903,,
663,1248.1902,1015.1838,944.6808471679688,244.10060119628906,,,,,1038.651611328125,225.3121795654297,945.12244,245.60205,,
664,1240.112,1007.783,946.5657348632812,243.54006958007812,,,,,1035.64111328125,227.6272430419922,948.85535,244.19595,,
665,1228.6592,1006.4317,947.12548828125,244.4654998779297,,,,,,,951.1677,244.22025,,
666,1221.0513,1002.45764,948.4901733398438,244.0675506591797,,,,,1030.212158203125,233.51707458496094,953.66064,244.86096,,
667,1210.8977,1002.1937,950.998779296875,244.41041564941406,,,,,1028.83251953125,236.91897583007812,953.8882,244.92319,,
668,1199.2637,1003.5251,955.48974609375,242.21080017089844,,,,,,,957.54675,244.2659,,
669,1181.5206,1000.1058,956.5880126953125,241.69581604003906,,,,,,,959.0886,243.27289,,
670,1157.5071,995.2621,959.1498413085938,242.2344970703125,,,,,,,960.12024,243.72891,,
671,1130.9341,997.3306,961.8619995117188,244.42164611816406,,,,,,,960.99365,244.37854,,
672,1109.2585,999.9185,962.0784912109375,244.5429229736328,,,,,,,963.1942,243.83319,,
673,1096.6934,1001.1404,963.5335693359375,244.29617309570312,,,,,,,965.2593,242.96164,,
674,1085.7085,1001.5558,967.0338134765625,242.32064819335938,,,,,,,967.89294,241.76236,,
675,1082.6787,1012.6388,969.0752563476562,243.41958618164062,,,,,,,968.28503,241.2479,,
676,1080.2539,1017.01324,969.7289428710938,241.57595825195312,,,,,,,969.4718,241.78806,,
677,1074.5447,1018.5468,970.3482055664062,241.47409057617188,,,,,,,970.64465,242.12518,,
678,1065.9122,1016.7233,971.378173828125,240.17221069335938,,,,,,,971.15173,241.54529,,
679,1055.6998,1017.3027,972.397705078125,240.71217346191406,,,,,1010.3029174804688,212.23963928222656,972.3087,241.0167,,
680,1043.1665,1013.73956,974.0022583007812,241.98941040039062,,,,,,,974.8618,241.53601,,
681,1034.5815,1008.72723,976.254150390625,240.4693145751953,,,,,,,977.3948,239.87192,,
682,1028.803,1012.16547,977.4805297851562,241.1118621826172,,,,,,,978.5582,239.5025,,
683,1021.4257,1015.0489,977.7123413085938,242.41502380371094,,,,,,,979.1804,238.31375,,
684,1011.3633,1011.16187,,,,,,,,,979.83093,238.79578,,
685,1001.57355,1019.0339,979.435302734375,239.85467529296875,,,,,,,980.92017,237.79367,,
686,989.6922,1022.4991,981.5278930664062,239.13026428222656,,,,,,,982.59033,237.14941,,
687,980.1182,1028.5063,981.966796875,236.0234832763672,,,,,,,983.453,238.63031,,
688,971.666,1036.3368,983.5588989257812,233.12283325195312,,,,,,,984.6638,239.7269,,
689,963.91907,1040.4703,983.4332275390625,233.70021057128906,,,,,,,985.8583,239.50574,,
690,960.7555,1043.3862,984.2770385742188,234.43067932128906,,,,,,,985.53784,239.21982,,
691,960.8243,1043.7437,988.55859375,235.1561279296875,984.3145751953125,234.88723754882812,,,,,985.5758,239.6511,,
692,961.10266,1043.5095,988.9327392578125,234.1610870361328,984.384033203125,234.26806640625,,,,,985.62744,239.5845,,
693,959.7823,1042.0037,988.74755859375,235.66429138183594,984.5336303710938,235.21133422851562,,,,,986.5338,238.60587,,
694,951.6245,1039.7549,988.465576171875,236.63658142089844,984.3909301757812,235.90951538085938,,,,,986.20935,238.52551,,
695,935.1372,1039.0378,983.846923828125,235.1344757080078,,,,,,,985.93713,238.12955,,
696,911.1537,1038.3746,986.823974609375,233.5794219970703,,,,,,,986.19006,238.51523,,
697,891.1113,1038.6815,981.966796875,236.2095947265625,,,,,,,985.7195,238.48947,,
698,870.6793,1037.2126,979.8700561523438,236.00669860839844,,,,,,,985.1881,238.32047,,
699,856.10925,1044.3162,979.7557983398438,235.71878051757812,,,,,,,983.7007,238.24039,,
700,843.53,1053.2241,978.6470947265625,236.26113891601562,,,,,,,982.6166,238.51419,,
701,832.7572,1059.1838,976.8845825195312,237.59481811523438,,,,,,,980.81665,238.91437,,
702,818.7206,1060.2231,975.1327514648438,236.7144012451172,,,,,,,978.8677,238.78201,,
703,806.00415,1067.8215,974.4356689453125,239.4867706298828,1501.7601318359375,279.15032958984375,,,,,976.2499,239.12415,,
704,800.5013,1065.4321,973.4196166992188,237.42909240722656,1500.694580078125,278.1259765625,,,,,973.36804,237.63031,,
705,784.7971,1072.4568,1498.69970703125,279.1546325683594,972.344482421875,239.3352508544922,,,,,971.7035,238.35706,,
706,769.9962,1071.3352,971.4681396484375,242.0553741455078,1498.0755615234375,277.69573974609375,,,,,971.1831,239.3736,,
707,743.9683,1073.2834,969.4974365234375,239.0621795654297,1497.881103515625,275.12322998046875,,,,,969.7036,239.72876,,
708,719.7611,1071.6925,968.4808349609375,242.4378662109375,1497.175537109375,275.28497314453125,,,810.9131469726562,217.7185516357422,968.594,240.68198,,
709,691.7053,1068.3611,1495.468994140625,276.0010986328125,967.7276611328125,239.18472290039062,,,798.328857421875,233.4405059814453,967.8871,240.75287,,
710,671.88257,1068.0886,965.8789672851562,240.13018798828125,1494.4072265625,275.9931640625,,,785.674560546875,250.38250732421875,966.4811,241.4523,,
711,651.37085,1065.1509,1493.80224609375,276.15289306640625,963.3973388671875,240.42198181152344,,,771.7908325195312,268.7625732421875,965.8489,241.36533,,
712,639.9855,1058.8745,1492.9351806640625,276.5666198730469,962.6892700195312,240.89501953125,,,757.3439331054688,291.62274169921875,964.3085,241.47592,,
713,622.6505,1060.6917,962.530517578125,240.09059143066406,1492.7896728515625,276.08367919921875,,,743.3057861328125,316.4459228515625,961.8888,241.53745,,
714,606.6053,1057.1013,962.3215942382812,239.978759765625,1491.9610595703125,275.5901184082031,,,727.13037109375,340.6288757324219,960.40173,241.12076,,
715,596.00024,1050.7097,961.6640625,240.12127685546875,1491.421875,277.4019775390625,,,711.4288330078125,370.9798278808594,958.57166,241.6903,,
716,583.90814,1046.8315,1491.04052734375,277.6974792480469,961.2207641601562,239.13706970214844,,,695.0128173828125,402.14422607421875,957.0415,241.98743,,
717,569.535,1032.324,957.64794921875,239.7150115966797,1490.1806640625,275.4170837402344,,,678.4317626953125,436.4013671875,956.1642,243.21677,,
718,560.2572,1035.8419,956.7423706054688,241.9947509765625,1489.6343994140625,275.22808837890625,,,661.069091796875,474.9749450683594,955.2908,243.77377,,
719,546.5887,1034.5979,956.4863891601562,241.1846466064453,1489.766845703125,275.18792724609375,,,643.4434204101562,515.839599609375,954.9015,243.5936,,
720,536.0686,1034.1991,955.1163940429688,240.2815704345703,,,,,625.8944091796875,561.0464477539062,954.96826,243.21353,,
721,527.08435,1028.4291,955.1693725585938,240.10171508789062,1488.047607421875,275.7179870605469,,,607.6420288085938,609.454833984375,954.97986,242.71127,,
722,521.8198,1027.3883,955.061279296875,242.03262329101562,1487.46630859375,275.6886291503906,,,589.8734130859375,657.1099243164062,954.81946,243.25021,,
723,510.22742,1031.059,955.3248291015625,241.7340545654297,1487.24169921875,275.3022766113281,,,571.3389892578125,647.1322021484375,955.031,243.39597,,
724,503.42712,1030.949,956.2864990234375,240.2398681640625,1487.60498046875,277.533203125,,,552.9075317382812,638.673828125,955.011,244.1557,,
725,497.54956,1028.5848,956.483642578125,240.25863647460938,1485.360107421875,274.7070007324219,,,533.4337158203125,631.072021484375,955.19946,244.35034,,
726,466.7633,1031.4386,956.4911499023438,242.87232971191406,1485.0455322265625,274.46875,,,513.3723754882812,624.3562622070312,955.30994,244.4621,,
727,469.57297,1032.4431,957.2373046875,243.41246032714844,1483.22900390625,274.8934326171875,,,492.6851806640625,618.4232177734375,955.6127,244.46793,,
728,468.3921,1031.9822,957.258544921875,243.86366271972656,1480.8797607421875,274.64019775390625,,,470.9696044921875,615.2447509765625,956.00574,244.42728,,
729,471.57666,1029.8647,957.1636962890625,243.68231201171875,1479.9339599609375,274.6400146484375,,,448.69891357421875,613.5928344726562,956.4581,244.69086,,
730,477.65918,1029.1589,957.3955078125,243.18218994140625,1479.292236328125,274.682861328125,,,,,957.0055,245.05789,,
731,468.37585,1025.4453,957.9006958007812,244.09327697753906,1476.20166015625,273.3851318359375,,,401.1016845703125,614.0471801757812,956.91003,244.95636,,
732,459.6481,1024.8318,959.0540771484375,244.19764709472656,1475.4404296875,273.4446716308594,,,375.8018493652344,616.540283203125,957.2313,244.97293,,
733,430.1496,1016.4588,960.8721313476562,244.02516174316406,,,,,349.6924133300781,623.4323120117188,957.57605,245.04456,,
734,432.78235,1010.09125,958.7816162109375,246.7960968017578,1472.60498046875,273.4269714355469,,,322.41522216796875,630.853759765625,957.8956,244.92447,,
735,418.56848,1007.83905,960.967041015625,245.81332397460938,1470.37939453125,272.2707824707031,,,295.63275146484375,640.5643310546875,958.38574,244.5809,,
736,426.7514,1008.04285,960.788818359375,246.55494689941406,1470.00732421875,274.9061279296875,,,319.8894958496094,616.2832641601562,958.9022,244.74997,,
737,433.22137,1008.9366,961.9453125,245.279296875,1468.18115234375,271.07525634765625,,,427.26141357421875,541.545166015625,960.22595,244.83804,,
738,432.90845,976.0954,961.1537475585938,242.83128356933594,,,,,521.612548828125,480.34246826171875,961.29504,245.09842,,
739,426.87415,980.5313,960.8776245117188,243.94239807128906,,,,,603.4484252929688,430.646240234375,962.0874,244.58466,,
740,420.94702,956.0929,963.93505859375,247.25381469726562,,,,,673.7598876953125,390.6420593261719,963.12317,244.86523,,
741,414.5882,971.95966,963.8924560546875,248.77125549316406,,,,,734.0831298828125,358.51397705078125,964.4862,245.9408,,
742,404.9804,976.3717,964.6995849609375,249.9877471923828,,,,,786.3594970703125,331.942626953125,965.2721,246.4335,,
743,401.4463,976.75433,964.3771362304688,249.47886657714844,1461.013916015625,274.4049377441406,,,831.4089965820312,310.5801696777344,966.11487,245.81857,,
744,384.4538,977.8237,964.1878051757812,248.9954376220703,1459.8258056640625,272.9819641113281,,,870.9120483398438,292.26959228515625,965.56055,246.23752,,
745,963.9928,247.00444,376.6103515625,976.3485717773438,,,,,905.751220703125,280.0081787109375,964.81946,246.33325,,
746,362.8495,977.5186,964.3832397460938,247.00877380371094,1454.2001953125,271.6080322265625,969.198486328125,249.21286010742188,935.6591796875,268.5914611816406,965.0652,245.9946,,
747,359.79697,976.3266,967.9522705078125,247.99754333496094,1454.0577392578125,271.3135986328125,,,963.7666625976562,259.6626892089844,967.17834,246.72446,,
748,364.6905,976.00433,1453.5506591796875,271.8209228515625,974.3633422851562,248.3914337158203,,,,,970.2278,246.41888,,
749,368.41043,975.4062,1451.742431640625,270.9898681640625,978.7882690429688,248.7890167236328,985.1966552734375,248.62518310546875,1009.137939453125,247.62985229492188,981.70605,246.0474,,
